no,urls,user_id,username,user_display_name,tweet_id,full_text,created_at,retweet_count,like_count
1,[],18129942,tempodotco,tempo.co,1822860687351468524,"Presiden Joko Widodo belum siap mengalihkan ibu kota dari Jakarta ke IKN, Penajam Paser Utara, Kalimantan Timur. 

Jokowi mengatakan surat keputusan presiden (Keppres) pemindahan ibu kota harus melihat kesiapan di lapangan.

#TempoHeadliner https://t.co/ZsK8Jyr9nY",Mon Aug 12 05:00:29 +0000 2024,73,323
2,[],1433345800025911297,plusjakarta_,+Jakarta (baca: Plus Jakarta),1775008297340584028,"Kota ini secara resmi menyudahi titelnya sebagai ibu kota seiring berpindahnya status tersebut ke Nusantara yang ada di Pulau Kalimantan.
-
#KotaKolaborasi
#PlusJakarta https://t.co/Rm5dnkk5fv",Tue Apr 02 03:52:10 +0000 2024,80,459
3,[],1158355819512991747,NarasiNewsroom,Narasi Newsroom,1837052154072494510,"Lain dulu, lain sekarang. Dulu cuma satu partai yang menolak pemindahan ibu kota. Sekarang, saat pembangunan udah berjalan malah gini.

| Narasi Daily https://t.co/fgCS7fbkU7",Fri Sep 20 08:52:18 +0000 2024,1964,8755
4,[],37414097,realfedinuril,Fedi Nuril,1840570706037440848,"Anabel (analisis gembel) gue. 
Sejak UU No. 10/1964 disahkan, rencana untuk memindahkan ibu kota sudah tidak ada lagi atau tidak dipertimbangkan lagi. 
Jadi, perlu hati2 menyebut Sukarno tentang pindah ibu kota, Pak @jokowi
Tapi, yah, namanya juga analisis gembel. https://t.co/lOzyxPRUCD",Mon Sep 30 01:53:47 +0000 2024,6084,20663
5,[],80559922,ferizandra,ferizandra,1771311293775167718,"(Kalo terwujud) IKN akan menjadi pemindahan ibu kota terjauh di dunia dengan jarak 1.260 km dari ibu kota lama, Jakarta...

Sepertinya pemerintah Indonesia gak mau belajar dari sesama negara Asia Tenggara, Myanmar, yang memindahkan ibu kota dari Yangon ke Naypydaw sejak lama... https://t.co/dfE4UsNZAb",Fri Mar 22 23:01:36 +0000 2024,132,473
6,[],1040306964100669440,NenkMonica,Monica,1839481758796169443,Jadi.... Pindahnya Ibu Kota ke IKN itu atas keinginan siapa ? https://t.co/a92tuhfIZ2,Fri Sep 27 01:46:41 +0000 2024,715,1426
7,[],1202108075231989760,Leonita_Lestari,NitNot â˜,1840403678832013714,"PELANTIKAN PRESIDEN DAN WAKIL PRESIDEN DI JAKARTA TIDAK PERLU JADI ISU
.
.

Dalam Undang-Undang Nomor 3 Tahun 2022 yang kemudian direvisi menjadi UU Nomor 21 Tahun 2023, di sana disebutkan bahwa pemindahan ibu kota negara dari Jakarta ke IKN Nusantara DITETAPKAN melalui Keppres. https://t.co/IRD700qUYQ",Sun Sep 29 14:50:04 +0000 2024,54,126
8,[],900999973075996672,FuzaFirdaus,Fuza Firdaus Zhan,1826840593890517062,"Pemerintah mungkin mengira pemindahan ibu kota ke Kaltim akan memperkecil dampak aksi demonstrasi di masa mendatang.

Tapi jangan salah, Kalimantan bisa beringas, bahkan lebih ganas dari aksi yang pernah ada di Jakarta.",Fri Aug 23 04:35:13 +0000 2024,11817,61930
9,[],871103989,mawakresna,Mawa Kresna,1765230477831782618,"Kalian sadar gak sih kalau sekarang Jakarta bukan lagi ibu kota negara Indonesia?

Berdasarkan UU no.3 tahun 2022 tentang Ibu Kota Negara, UU yang mengatur DKI Jakarta sebagai Ibu Kota tidak lagi berlaku paling lama dua tahun setelah UU Ibu Kota Negara disahkan. https://t.co/cTv78SxKIH",Wed Mar 06 04:18:36 +0000 2024,138,355
10,"[{'display_url': 'bisnis.tempo.co/read/1922591/pâ€¦', 'expanded_url': 'https://bisnis.tempo.co/read/1922591/pernyataan-jokowi-ikn-didukung-seluruh-rakyat-dibantah-greenpeace-ini-kronologi-kepindahan-ibu-kota?utm_source=Twitter&utm_medium=dlvr.it', 'url': 'https://t.co/Nj2MoiA0OC', 'indices': [101, 124]}]",18129942,tempodotco,tempo.co,1840659128727060929,"Pernyataan Jokowi IKN Didukung Seluruh Rakyat Dibantah Greenpeace, Ini Kronologi Kepindahan Ibu Kota https://t.co/Nj2MoiA0OC #TempoBisnis",Mon Sep 30 07:45:08 +0000 2024,2100,4593
11,[],1158355819512991747,NarasiNewsroom,Narasi Newsroom,1839191827091697877,"Presiden Joko Widodo menegaskan bahwa pemindahan ibu kota negara bukan hanya keputusan darinya, namun keputusan bersama seluruh rakyat Indonesia. Sebab, pembangunan IKN didasarkan pada keputusan dari mayoritas fraksi di DPR RI selaku perwakilan rakyat.

Menurut Jokowi, ia hanya https://t.co/d5WzcHPbXJ",Thu Sep 26 06:34:36 +0000 2024,34,60
12,[],18129942,tempodotco,tempo.co,1810535476400656405,"Presiden Joko Widodo atau Jokowi tidak mau memaksakan pemindahan Ibu Kota Negara dari Jakarta ke Ibu Kota Nusantara atau IKN melalui Keppres. Jokowi masih melihat situasi di lapangan.

#TempoHeadliner #Jokowi #IKN https://t.co/zoRZGxdBmP",Tue Jul 09 04:44:30 +0000 2024,102,298
13,[],23343960,kompascom,Kompas.com,1839206663427154104,"Jokowi Tegaskan Pemindahan Ibu Kota ke IKN Bukan Proyeknya

~N #Jokowi #IKN https://t.co/ysZt2mrTpH",Thu Sep 26 07:33:34 +0000 2024,70,166
14,[],1226038913707282433,mazzini_gsp,Mazzini,1840425963555057768,"Kacaunya lagi Bang @realfedinuril, dari instansi pemerintah sampe media menarasikan Bung Karno membuat UU Darurat 10 th 1957 sbg dasar Palangkaraya jadi ibu kota negara, tapi pada gak baca isinya, 9 halaman UU Darurat itu gak ada aturan/pasal soal pemindahan ibu kota negara ğŸ«  https://t.co/fD1k1YXLlf",Sun Sep 29 16:18:37 +0000 2024,36,203
15,[],829366551446818816,asumsico,Asumsi,1838893647456247949,"Presiden Joko Widodo menegaskan bila pemindahan ibu kota ke Ibu Kota Nusantara  (IKN) bukan keputusan presiden semata wayang, melainkan keputusan seluruh rakyat Indonesia yang diwakili oleh DPR RI.

â€œIni (pemindahan ibu kota ke IKN, -red) keputusan presiden saja, tetapi juga https://t.co/bfLWIOi9Vw",Wed Sep 25 10:49:45 +0000 2024,58,331
16,"[{'display_url': 'youtu.be/2h0l8Pu8tvA', 'expanded_url': 'https://youtu.be/2h0l8Pu8tvA', 'url': 'https://t.co/pnAbS2hXf4', 'indices': [355, 378]}]",131903463,historia_id,Historia.ID,1839967671812825322,"Pengguna transportasi umum di Jakarta, pasti tidak asing lagi dengan Stasiun Jatinegara. Stasiun Jatinegara sudah menjadi cagar budaya sejak tahun 2005, memiliki banyak kisah penting dalam perjalanan sejarah Indonesia, salah satunya adalah sebagai saksi bisu pemindahan Ibu Kota https://t.co/KhCEYwiHtW",Sat Sep 28 09:57:32 +0000 2024,13,27
17,"[{'display_url': 'nasional.tempo.co/read/1921443/jâ€¦', 'expanded_url': 'https://nasional.tempo.co/read/1921443/jokowi-berkali-kali-sebut-ide-pemindahan-ibu-kota-negara-dari-jakarta-digagas-sejak-era-sukarno?utm_source=Twitter&utm_medium=dlvr.it', 'url': 'https://t.co/H1VDI8IMDT', 'indices': [96, 119]}]",18129942,tempodotco,tempo.co,1839516963493888106,Jokowi Berkali-kali Sebut Ide Pemindahan Ibu Kota Negara dari Jakarta Digagas Sejak Era Sukarno https://t.co/H1VDI8IMDT #TempoNasional,Fri Sep 27 04:06:35 +0000 2024,193,930
18,[],1226038913707282433,mazzini_gsp,Mazzini,1840413036978528650,"Bung Karno mengeluarkan UU Darurat No.10 tahun 1957 berdirinya Palangkaraya di Kalteng sbg â€œibu kota idealâ€ itu bukan buat ibu kota Indonesia tapi menjawab gejolak di luar negeri dan dalam negeri di tahun 1952-1963.
Gak ada wacana pindah ibu kota negara di UU Darurat itu,  coba https://t.co/G4KzqwY7tl",Sun Sep 29 15:27:15 +0000 2024,1160,3810
19,"[{'display_url': 'gelora.co/2024/09/jokowiâ€¦', 'expanded_url': 'https://www.gelora.co/2024/09/jokowi-bilang-pemindahan-ibu-kota-ke.html', 'url': 'https://t.co/4JilT7HT3d', 'indices': [96, 119]}]",3319260420,geloraco,GELORA NEWS,1839118786903027949,"Jokowi Bilang Pemindahan Ibu Kota ke IKN Keputusan Rakyat Indonesia, Warganet: Rakyat yang Mana
https://t.co/4JilT7HT3d",Thu Sep 26 01:44:22 +0000 2024,272,694
20,[],992488238609678336,Naz_lira,ğ‹ğˆğ‘ğ€ â½á´¼á¶ á¶ â±á¶œâ±áµƒË¡â¾,1786169999524282464,"Dibalik pindahnya Ibu Kota Negara ke Kalimantan, perlahan namun pasti, berpindah pula kepemilikan secara legal Hak Atas Tanah dari rakyat kpd pemilik modal Non Pribumi.

Terminologi Non Pri terpaksa harus disebut, krn â€œJakarta going to be New Singaporeâ€.ğŸ˜­
https://t.co/bEH31fefeR",Thu May 02 23:04:47 +0000 2024,496,961
21,[],829366551446818816,asumsico,Asumsi,1839516953452699718,"Mantan Menko Polhukam Mahfud MD merespons pernyataan Presiden Jokowi yang mengatakan pemindahan ibu kota ke IKN adalah keinginan rakyat. Menurut Mahfud, hal tersebut secara resmi bisa dikatakan kehendak rakyat yang bermula dari keinginan Jokowi yang ditawarkan kepada rakyat dan https://t.co/lJSikUZ9wU",Fri Sep 27 04:06:32 +0000 2024,6,32
22,[],30201110,alisyarief,Ali Syarief - ã‚¢ãƒªãƒ»ã‚·ãƒ£ãƒªãƒ¼ãƒ•,1836768513215864903,"Dusta lagi, ibu kota tdk jd pindah. Jokowi tdk mau tanda tangani pemindahan ibukota https://t.co/XRSwVUx3Wy",Thu Sep 19 14:05:13 +0000 2024,1000,2088
23,[],57261519,Metro_TV,METRO TV,1839621701409423416,"#MahfudMD menanggapi pernyataan Presiden @jokowi yang menyebut pemindahan Ibu Kota Nusantara merupakan kehendak rakyat. Mahfud menjelaskan karena berdasarkan kehendak rakyat, oleh karena itu nasib #IKN juga bisa ditentukan oleh rakyat. https://t.co/Fkx1NEzCgk",Fri Sep 27 11:02:46 +0000 2024,27,185
24,"[{'display_url': 'nasional.kompas.com/read/2024/06/0â€¦', 'expanded_url': 'https://nasional.kompas.com/read/2024/06/05/12520191/jokowi-sebut-keppres-pemindahan-ibu-kota-bisa-ditandatangani-prabowo', 'url': 'https://t.co/lClmUvaB2Y', 'indices': [108, 131]}]",279312062,Kanseulir,ï¼«ï½ï½ï½“ï½…ï½•ï½Œï½‰ï½’,1805266059819377081,"Jokowi Sebut Keppres Pemindahan Ibu Kota Bisa Ditandatangani Prabowo.

Satu 'Musibah' Sudah Dititipkan!
ğŸ˜ğŸ˜

https://t.co/lClmUvaB2Y",Mon Jun 24 15:45:43 +0000 2024,672,3728
25,"[{'display_url': 'nasional.tempo.co/read/1921443/jâ€¦', 'expanded_url': 'https://nasional.tempo.co/read/1921443/jokowi-berkali-kali-sebut-ide-pemindahan-ibu-kota-negara-dari-jakarta-digagas-sejak-era-sukarno?utm_source=Twitter&utm_medium=dlvr.it', 'url': 'https://t.co/9gytKoeH7z', 'indices': [66, 89]}]",115438018,sociotalker,Joel Picard,1839608869083095139,"lempar tangan sembunyi batu
udah dibilang jangan tapi kepala batu https://t.co/9gytKoeH7z",Fri Sep 27 10:11:47 +0000 2024,1002,3360
26,[],1604408934525464576,xquitavee,VÃ«e KyoshiğŸ€„,1820413127868969398,"Permukaan daratan jakarta udh di bawah permukaan laut dan di pastikan lama2 tenggelam

Untuk itu ibu kota di pindah ke IKN 

Yg otak nya maju hrus bangga dgn kerja yg di capai pemerintah skrg utk membangun ibu kota baru di IKN ,  emx sudah di rencana kan oleh presiden2 sblm nya https://t.co/xZTAQfKD1H",Mon Aug 05 10:54:45 +0000 2024,138,811
27,[],366987179,jokowi,Joko Widodo,1763399194801483888,"Saya meninjau lapangan upacara berikut Istana Presiden di kawasan Ibu Kota Nusantara (IKN), Kabupaten Penajam Paser Utara, Provinsi Kalimantan Timur, Kamis, 29 Februari 2024. Saya cek kesiapan pelaksanaan Upacara Peringatan Kemerdekaan Republik Indonesia ke-79 pada 17 Agustus https://t.co/nifrrpMBPg",Fri Mar 01 03:01:45 +0000 2024,245,2455
28,[],1227499861580251136,Lembayung071,Bunda CNHYE,1840338057125593095,IBUKOTA INDONESIA DIMANA .....YA JELAS DI JAKARTA SAMPAI TERBITNYA KEPRES PEMINDAHAN IBU KOTA ...YUK SMART JGN PADA IKUTAN DUNGGU MACAM GEROMBOLAN MANUSIASAKIT HATI ... https://t.co/xN6z6XnYzv,Sun Sep 29 10:29:19 +0000 2024,41,259
29,[],1158355819512991747,NarasiNewsroom,Narasi Newsroom,1776475626423411041,"Katanya sih, karena ibu kota yang lama udah penuh sesak manusia. Meski diprotes sana-sini karena pindah ibu kota negara itu nambah beban negara, pemerintah nyatanya lanjut terus.

Apa sih yang sebenernya dicari?? Jangan-jangan mauâ€¦. Oiya, ini lagi ngomongin Mesir yhağŸ™ğŸ½

| Narasi https://t.co/bZnwGIKUVH",Sat Apr 06 05:02:49 +0000 2024,199,490
30,[],382641814,ardi_tama1,ardian pratama,1750821692606468132,"Gua setuju dengan IKN, rencana pemindahan ibukota ini sudah ada sejak jaman orde lama, orde baru, dan bahkan SBY pun 

Narasi kontranya selalu sama â€œrakyat masih susah ngapain pindahin ibukota buang buang uang!?â€ Oke deh kalo gitu coba loe kasih tahu gw kapan waktu yang tepat",Fri Jan 26 10:03:14 +0000 2024,189,707
31,"[{'display_url': 'nasional.tempo.co/read/1918506/mâ€¦', 'expanded_url': 'https://nasional.tempo.co/read/1918506/mengapa-jokowi-tak-kunjung-teken-keppres-pemindahan-ibu-kota-negara-ke-ikn?utm_source=Twitter&utm_medium=dlvr.it', 'url': 'https://t.co/42koDWSthJ', 'indices': [76, 99]}]",18129942,tempodotco,tempo.co,1836964550249435614,Mengapa Jokowi Tak Kunjung Teken Keppres Pemindahan Ibu Kota Negara ke IKN? https://t.co/42koDWSthJ #TempoNasional,Fri Sep 20 03:04:12 +0000 2024,10,28
32,[],1117990249806721024,msaid_didu,Muhammad Said Didu,1839792281966215245,"Anda sdh baca UU IKN ?
UU IKN menyebutkan pemindahan Ibu Kota ditetapkan melalui Kepres, maka pernyataan Pak Anies, artinya bisa pindah atau tidak (tergantung Presiden). Faktanya Jokowi aja ga buat Kepres utk pindah.
Belajar lagi sono gih.
Bangke gajahnya tunggu aja akan terbuka",Fri Sep 27 22:20:36 +0000 2024,411,1355
33,"[{'display_url': 'democrazy.id/2024/09/waduh-â€¦', 'expanded_url': 'https://www.democrazy.id/2024/09/waduh-akademisi-cross-culture-sebut.html', 'url': 'https://t.co/PxvYeDDMfY', 'indices': [80, 103]}]",1243804423001763841,democrazymedia,Democrazy News,1840689292664099048,"Waduh! Akademisi Cross Culture Sebut Jokowi 'Berdusta' Soal Pemindahan Ibu Kota
https://t.co/PxvYeDDMfY",Mon Sep 30 09:45:00 +0000 2024,124,248
34,[],57261519,Metro_TV,METRO TV,1836646910532399150,"Presiden Joko Widodo (Jokowi) mengungkap alasan tak kunjung terbitnya Keputusan Presiden (Keppres) soal pemindahan ibu kota ke Nusantara. Salah satu faktornya, kata Jokowi, soal kesiapan seluruh aspek di Ibu Kota Nusantara (IKN).

#jokowi #ikn #kesiapanikn https://t.co/ou4tHt7FFV",Thu Sep 19 06:02:01 +0000 2024,6,18
35,"[{'display_url': 'nasional.tempo.co/read/1902696/jâ€¦', 'expanded_url': 'https://nasional.tempo.co/read/1902696/jokowi-bilang-belum-siap-alihkan-ibu-kota-dari-jakarta-ke-ikn-pindah-rumah-saja-ribet-jangan-menggampangkan?utm_source=Twitter&utm_medium=dlvr.it', 'url': 'https://t.co/PB4riWDjUx', 'indices': [110, 133]}]",18129942,tempodotco,tempo.co,1822818680188907870,"Jokowi Bilang Belum Siap Alihkan Ibu Kota dari Jakarta ke IKN: Pindah Rumah Saja Ribet, Jangan Menggampangkan https://t.co/PB4riWDjUx #TempoNasional",Mon Aug 12 02:13:34 +0000 2024,648,2893
36,[],1068371293290946561,BosPurwa,King Purwa,1839586238531256477,"Iya.. tapi Bung Karno mengubur idenya karena mikirin rakyat, negara belum siap, kondisi ekonomi yang amburadul, menanggung beban utang negara warisan kolonial Belanda konsekwensi kedaulatan penuh. Terus apa bedanya dengan kondisi skrng Mulyono? 

Kondisi sekarang, utang negara https://t.co/3YE53hJBDy",Fri Sep 27 08:41:51 +0000 2024,2134,6558
37,[],1236229061552140288,Kopipait__78,ğŸ‡®ğŸ‡© Ğ¼Î±ÔƒÎ±Ğ¼ ÔƒĞ½Ñ”Î·ÏƒĞº ğŸ‡µğŸ‡¸,1838927910574686511,"Presiden Joko Widodo menegaskan bahwa pemindahan Ibu Kota Negara telah sesuai prosedur dan mendapat persetujuan DPR, bukan hanya keputusan pribadi. Gagasan ini sudah ada sejak era Soekarno dan dipertimbangkan kembali sejak Jokowi menjabat pada 2014. Proyek IKN sempat dikritik https://t.co/yuc5vU1Vth",Wed Sep 25 13:05:54 +0000 2024,5,28
38,"[{'display_url': 'gelora.co/2024/09/jokowiâ€¦', 'expanded_url': 'https://www.gelora.co/2024/09/jokowi-frustasi-soal-ikn-jakarta-masih.html?m=1', 'url': 'https://t.co/EqZWDEOx7t', 'indices': [89, 112]}]",3319260420,geloraco,GELORA NEWS,1840710093555573128,"Jokowi Frustasi soal IKN? Jakarta Masih Ibu Kota RI sampai Ada Keppres Pemindahan ke IKN
https://t.co/EqZWDEOx7t",Mon Sep 30 11:07:39 +0000 2024,40,79
39,[],41284868,rizkidwika,RIZZ,1780899763392856262,"Klaim soal Bung Karno punya cita2 besar ibu kota di Kalimantan itu cerita yang udah nggak relevan lagi.

Soalnya, di tahun 1960-an, di pidatonya, Bung Karno udah ""berdamai"" dan yakin ibu kota yang sah ya tetap Jakarta. Makanya Jakarta dibangun poros Jl Thamrin-Sudirman, dkk.",Thu Apr 18 10:02:45 +0000 2024,555,2263
40,"[{'display_url': 'finance.detik.com/infrastruktur/â€¦', 'expanded_url': 'https://finance.detik.com/infrastruktur/d-7546028/jokowi-sebut-pindahan-rumah-saja-ruwet-apalagi-pindah-ibu-kota?utm_campaign=detikcomsocmed&utm_medium=oa&utm_source=twitter&utm_content=detikfinance', 'url': 'https://t.co/NzhYoB99Fv', 'indices': [101, 124]}]",69183155,detikcom,detikcom,1836315724069110046,"""Pindahan rumah aja ruwetnya kaya gitu, ini pindah ibu kota jadi semua harus dihitung,"" ujar Jokowi. https://t.co/NzhYoB99Fv",Wed Sep 18 08:06:00 +0000 2024,76,322
41,"[{'display_url': 'news.detik.com/berita/d-75575â€¦', 'expanded_url': 'https://news.detik.com/berita/d-7557547/jokowi-pindah-ibu-kota-bukan-keputusan-presiden-saja-tapi-seluruh-rakyat?utm_campaign=detikcomsocmed&utm_medium=oa&utm_source=twitter&utm_content=detikcom', 'url': 'https://t.co/0Rc1l5pMDF', 'indices': [140, 163]}]",69183155,detikcom,detikcom,1838868544865308953,"Jokowi menegaskan pemindahan ibu kota bukan keputusan presiden saja, tapi juga keputusan seluruh rakyat Indonesia yang wakil rakyat di DPR. https://t.co/0Rc1l5pMDF",Wed Sep 25 09:10:00 +0000 2024,54,177
42,"[{'display_url': 'news.detik.com/berita/d-75582â€¦', 'expanded_url': 'https://news.detik.com/berita/d-7558236/kata-jokowi-soal-pindah-ibu-kota-adalah-keputusan-seluruh-rakyat?utm_campaign=detikcomsocmed&utm_medium=oa&utm_source=twitter&utm_content=detikcom', 'url': 'https://t.co/sE51zl8fAe', 'indices': [104, 127]}]",69183155,detikcom,detikcom,1839131276558958850,"Presiden Jokowi menyebut ibu kota pindah ke IKN bukan keputusan presiden semata, tapi semua masyarakat. https://t.co/sE51zl8fAe",Thu Sep 26 02:34:00 +0000 2024,38,218
43,[],19190361,NOTASLIMBOY,Sammy Notaslimboy,1839696208702652791,"Lah, yg dari awal over-confidence soal IKN itu siapa? Yang buru-buru mencabut status ibukota Jakarta dan sahkan UU DKJ itu siapa? 

Ternyata pindah ibukota belum siap, ASN belum bisa pindah.

Masyarakat bertanya, buru-buru amat, sampai udah jor-joran dari APBN 72T. Wajar ada",Fri Sep 27 15:58:50 +0000 2024,1270,4160
44,[],227320530,hipohan,Lukman Simandjuntak,1818763134322327617,"Alasan ibukota pindah lemah, dia maksa hrs  pindah
Amdal gak jelas, dia maksa hrs dibangun
Investor asing gak ada, dia maksa hrs jalan
Dana gak ada, dia maksa pk APBN
Penduduk asli msh ada, dia maksa gusur

Gagal pindah, kok tiba2 dia yg nasehati Basuki ? Lah yg maksa2 siapa ? ğŸ˜´ https://t.co/mzDm7HwySH",Wed Jul 31 21:38:16 +0000 2024,355,699
45,"[{'display_url': 'democrazy.id/2024/09/ikn-prâ€¦', 'expanded_url': 'https://www.democrazy.id/2024/09/ikn-proyek-jokowi-pakar-bahkan-jk-tidak.html', 'url': 'https://t.co/ws0FF0duLp', 'indices': [72, 95]}]",1243804423001763841,democrazymedia,Democrazy News,1840744657132859477,"IKN Proyek Jokowi? Pakar: Bahkan JK Tidak Tahu Soal Pemindahan Ibu Kota
https://t.co/ws0FF0duLp",Mon Sep 30 13:25:00 +0000 2024,49,75
46,[],120968478,Fahrihamzah,#AyoMoveOn2024,1839145496293814554,"MENDARAT DI RUMAH MASA DEPAN KITA.

OLEH: Fahri Hamzah 

Hari Selasa kemarin, 24 Oktober 2024. Lebih kurang sore hari sekitar pukul 15. 30, pesawat kepresidenan untuk pertama kalinya mendarat di lapangan terbang internasional ibukota negara nusantara (IKN). Setahu saya, airport https://t.co/R4WaTbWAb8",Thu Sep 26 03:30:30 +0000 2024,129,572
47,[],882506640410521600,JackVardan,Jax,1839168245963829444,"Saya pribadi setuju, pemindahan Ibu Kota negara. Tetapi melihat caranya brutal dan terburu-buru, seakan menuruti hasrat kuasa, menganggap dirinya raja, memangkas anggaran untuk sisi lain kehidupan rakyat, lebih mengarah pada perjanjian bawah meja kepada kelompok tertentu.",Thu Sep 26 05:00:54 +0000 2024,5,32
48,"[{'display_url': 'setkab.go.id/pemerintah-sahâ€¦', 'expanded_url': 'https://setkab.go.id/pemerintah-sahkan-undang-undang-daerah-khusus-jakarta/', 'url': 'https://t.co/pcI3qtn2d9', 'indices': [754, 777]}, {'display_url': 'setkab.go.id/pemerintah-sahâ€¦', 'expanded_url': 'https://setkab.go.id/pemerintah-sahkan-undang-undang-daerah-khusus-jakarta/alam', 'url': 'https://t.co/Hm8KPvjR0d', 'indices': [789, 812]}]",120968478,Fahrihamzah,#AyoMoveOn2024,1839888620548960556,"Presiden RI Joko Widodo (Jokowi) menandatangani pengesahan Undang-Undang (UU) Nomor 2 Tahun 2024 tentang Daerah Khusus Jakarta. Pembentukan UU Daerah Khusus Jakarta (DKJ) yang disahkan pada 25 April 2024.

Dalam ketentuan peralihan pada Pasal 63 disebutkan bahwa pada saat UU DKJ https://t.co/hQLjtdBl98",Sat Sep 28 04:43:25 +0000 2024,138,1048
49,[],222348442,hariqosatria,hariqo satria,1840253739816653308,"Tahun 1957 dalam ""â€œPidato Palangkarayaâ€ Bung Karno mengatakan: Jakarta punya potensi bencana banjir dan bencana alam lain, kemacetan dst. Namun pemindahan Ibu Kota banyak kendala. Perlu terobosan dan keberanian seperti disampaikan kepala @pco_ri Pak @NasbiHasan https://t.co/5T2KDjGUoQ",Sun Sep 29 04:54:16 +0000 2024,27,58
50,[],1447610310529982467,TeddGus,Teddy Gusnaidi,1840232905207099405,"Orang-orang bodoh menyebarkan bahwa Indonesia saat ini tidak punya Ibukota dan nanti pelantikan Prabowo - Gibran bermasalah, karena secara aturan harus di ibukota.

Hal ini dipercaya disebarkan ulang oleh orang-orang bodoh lainnya, tanpa memeriksa dulu aturannya.

Saya sampaikan https://t.co/ycKdPPTspS",Sun Sep 29 03:31:29 +0000 2024,129,534
51,"[{'display_url': 'oposisicerdas.com/2024/09/pemindâ€¦', 'expanded_url': 'https://www.oposisicerdas.com/2024/09/pemindahan-ibu-kota-ke-ikn-jokowi-tak.html', 'url': 'https://t.co/jrnBkjWzn4', 'indices': [84, 107]}]",887743587579944960,OposisiCerdas,OposisiCerdas.com,1837978902523982197,"Pemindahan Ibu Kota Ke IKN, Jokowi: Tak Ingin Memaksakan Sesuatu yang Belum Selesai https://t.co/jrnBkjWzn4",Sun Sep 22 22:14:53 +0000 2024,60,99
52,"[{'display_url': 'asumsi.co/post/94897/asnâ€¦', 'expanded_url': 'https://asumsi.co/post/94897/asn-batal-pindah-ke-ikn-september-ini-menpan-rb-jokowi-minta-penyempurnaan-infrastruktur/', 'url': 'https://t.co/qYE8pAdGeb', 'indices': [774, 797]}]",829366551446818816,asumsico,Asumsi,1830917271054885343,"Menteri Pendayagunaan Aparatur Negara dan Reformasi Birokrasi Azwar Anas mengatakan pemindahan ASN ke Ibu Kota Nusantara (IKN), Kalimantan Timur batal dilakukan bulan ini. Semula pemerintah menjadwalkan pemindahan ASN ke IKN berlangsung mulai September 2024.

Keputusan itu https://t.co/G7BXoRlUas",Tue Sep 03 10:34:28 +0000 2024,3,16
53,[],1667213278240706560,alfatih212426,alfatih@,1768183276571869410,*PINDAHNYA IBUKOTA BERARTI PEMERINTAHAN JOKOWI SUDAH MENYERAHKAN KEDAULATAN NKRI KEPADA ASENG.* https://t.co/lL4a4RcJBJ,Thu Mar 14 07:51:59 +0000 2024,251,410
54,"[{'display_url': 'boltim.pikiran-rakyat.com/nasional/pr-30â€¦', 'expanded_url': 'https://boltim.pikiran-rakyat.com/nasional/pr-3087979601/duh-senangnya-asn-pindah-ikn-dapat-apartemen-gratis', 'url': 'https://t.co/bFZWZOAPXl', 'indices': [879, 902]}]",58880688,pikiran_rakyat,Pikiran Rakyat,1780942095764893751,"Duh Senangnya, ASN Pindah IKN Dapat Apartemen Gratis

Pemerintah terus memantapkan pemindahan Ibu Kota Negara dari Jakarta menuju ke Ibu Kota Nusantara atau IKN di Kalimantan. 
.
Sejumlah kebijakan pun dipersiapkan oleh Pemerintah guna mendukung pemindahan ibu kota Negara https://t.co/0W4M5X7Znt",Thu Apr 18 12:50:58 +0000 2024,0,2
55,[],1296312516901916672,Bambangmulyonoo,Demokrasi Rasa Nepotisme,1840576912504348988,"Kita tidak alergi dgn pemindahan ibu kota negara, tapi juga jgn seenaknya pindah tanpa kajian yg mendalam dan dukungan dari seluruh rakyat Indonesia..... https://t.co/bNqDWLTGrl",Mon Sep 30 02:18:26 +0000 2024,3,10
56,"[{'display_url': 'oposisicerdas.com/2024/09/jokowiâ€¦', 'expanded_url': 'https://www.oposisicerdas.com/2024/09/jokowi-bilang-pemindahan-ibu-kota-ke.html', 'url': 'https://t.co/ctjA2EaWwb', 'indices': [96, 119]}]",887743587579944960,OposisiCerdas,OposisiCerdas.com,1839121617525551218,"Jokowi Bilang Pemindahan Ibu Kota ke IKN Keputusan Rakyat Indonesia, Warganet: Rakyat yang Mana https://t.co/ctjA2EaWwb",Thu Sep 26 01:55:37 +0000 2024,32,59
57,[],85087815,unilubis,unilubis,1824126601963114583,"Revisi. Upacara Kenegaraan Penaikan Bendera ğŸ‡²ğŸ‡¨ 17/8/2024 di lokasi yg belum resmi jadi ibukota negara, krn belum ada keppresnya. Jakarta masih ibukota negara yg resmi. Njur biaya boros seremoni sampai Rp 87 miliar buat apa?",Thu Aug 15 16:50:47 +0000 2024,306,851
58,"[{'display_url': 'democrazy.id/2024/09/waduh-â€¦', 'expanded_url': 'https://www.democrazy.id/2024/09/waduh-akademisi-sebut-pemindahan-ibu.html', 'url': 'https://t.co/S7zkBkDuKz', 'indices': [75, 98]}]",1243804423001763841,democrazymedia,Democrazy News,1839613453302112400,"Waduh! Akademisi Sebut Pemindahan Ibu Kota Oleh Jokowi Sebagai 'Hal Jorok'
https://t.co/S7zkBkDuKz",Fri Sep 27 10:30:00 +0000 2024,7,22
59,[],36321448,fajarnugros,Fajar Nugros,1824365705912885296,Ini awal mula ibukota negara kita pindah. Ternyata atas permintaan @Arie_Kriting ğŸ˜¬,Fri Aug 16 08:40:54 +0000 2024,53,245
60,"[{'display_url': 'djkn.kemenkeu.go.id/kanwil-kalbar/â€¦', 'expanded_url': 'https://www.djkn.kemenkeu.go.id/kanwil-kalbar/baca-artikel/14671/Urgensi-Pemindahan-Ibu-Kota-Negara.html', 'url': 'https://t.co/WeHqp86ubf', 'indices': [48, 71]}]",966143130,shda_agatha_,ğ‘† ğ»ğ‘¢ğ‘‘ğ‘ ğ´ğ‘”ğ‘ğ‘¡ğ’‰ğ‘ î¨€ ğŸ«¶,1839796415104737520,"@tempodotco Urgensi Pemindahan Ibu Kota Negara

https://t.co/WeHqp86ubf",Fri Sep 27 22:37:01 +0000 2024,0,0
61,[],24893875,ferrykoto,Ferry Koto,1824339314454790445,"Orang ini betul2 buta aturan, nyaris tak tahu apa2, ternyata. ğŸ˜€

Mas, tinggal baca UU IKN, ada pasal menjelaskan Jakarta masih Ibukota negara, sampai keluar Keppres pemindahan Ibu Kota (pasal 63).

Ampun dah...",Fri Aug 16 06:56:01 +0000 2024,64,210
62,[],150581612,dw_indonesia,DW Indonesia,1839243874583421425,"Presiden RI Joko Widodo (Jokowi) menyebut pemindahan ke Ibu Kota Nusantara (IKN) bukan keputusan presiden semata, melainkan keputusan seluruh masyarakat Indonesia.

""Jadi ini bukan keputusan presiden saja, tetapi juga keputusan seluruh rakyat Indonesia yang diwakili oleh seluruh https://t.co/Pbe6zpEzov",Thu Sep 26 10:01:25 +0000 2024,1,3
63,[],1248221892999147521,kedaikopisurvei,Lembaga Survei KedaiKOPI,1836667532566286707,KIRA-KIRA MENURUT KALIAN SIAPA YANG AKAN MENANDATANGANI KEPPRES PEMINDAHAN IBU KOTA KE IKN? KOMEN DIBAWAH YA https://t.co/ncpz2ygp1v,Thu Sep 19 07:23:58 +0000 2024,0,2
64,[],2905814730,abu_waras,Lambe Waras,1839113612671201633,"ğŸ”´Terkuak! Ternyata Bukan Permintaan Rakyat, Tapi Maunya  Mulyono Sendiri Yang Meminta Ijin Memindahkan Ibukota Negara ke IKN.  Lihat Videonya Sampai Tuntas.",Thu Sep 26 01:23:48 +0000 2024,1706,2667
65,"[{'display_url': 'pikiran-rakyat.com/nasional/pr-01â€¦', 'expanded_url': 'https://pikiran-rakyat.com/nasional/pr-018436002/jokowi-tunggu-hal-ini-sebelum-pindahkan-ibu-kota-negara-ke-ikn-pindah-rumah-saja-aduh-ribetnya', 'url': 'https://t.co/qOmLOJo8X2', 'indices': [689, 712]}]",58880688,pikiran_rakyat,Pikiran Rakyat,1822875555622273398,"Presiden Joko Widodo (Jokowi) belum akan memindahkan Ibu Kota Indonesia ke Ibu Kota Nusantara (IKN), Kalimantan Timur. Menurutnya, pemindahan tergantung pada Keputusan Presiden (Keppres) tentang pemindahan ibu kota dari Jakarta ke Ibu Kota Nusantara (IKN).
.
Hingga saat ini, https://t.co/73av257TSy",Mon Aug 12 05:59:34 +0000 2024,0,0
66,[],118646322,Bisniscom,Bisnis.com,1839135035523531250,"Soal Gagasan Pindah Ibu Kota Sejak Era Bung Karno, Jokowi: Saya Hanya Mengeksekusi!

Presiden Jokowi menegaskan gagasan pemindahan Ibu Kota Nusantara (IKN) berasal dari Presiden Soekarno dan Soeharto. 

Jokowi menekankan bahwa dirinya hanya menjadi eksekutor dalam memindahkan dan https://t.co/ocdQlZAx4e",Thu Sep 26 02:48:56 +0000 2024,0,1
67,[],1667233216091279363,Andria75777,@Topi_Merah Influenza pilek,1840179820803829967,"UNTUK PERTAMA KALI DALAM SEJARAH INDONESIA TIDAK PUNYA IBU KOTA.
Bagaimana dengan Pelantikan Presiden...??? Sesuai aturan pelaksananya  Pelantikkan harus di Ibu Kota Negara.
Sedangkan IKN ngambang blum siap sdangkan Kota Jakarta telah di cabut oleh JKW sebagai Ibu Kota Negara. https://t.co/7A1Y8Th5sj",Sun Sep 29 00:00:32 +0000 2024,520,1155
68,[],58880688,pikiran_rakyat,Pikiran Rakyat,1773257124896014511,"Menteri dalam Negeri (Mendagri) RI, Tito Karnavian berharap usai pemindahan Ibu Kota nantinya, Jakarta harus terus berkontribusi. Bahkan lebih ditingkatkan agar dapat bersaing dan setara kota-kota kelas dunia. 
.
Hal itu disampaikan Tito menanggapi pengesahan atas Rancangan https://t.co/JXqwDr8vJL",Thu Mar 28 07:53:38 +0000 2024,0,1
69,"[{'display_url': 'viva.co.id/bisnis/1755541â€¦', 'expanded_url': 'https://www.viva.co.id/bisnis/1755541-jokowi-pembangunan-ikn-didukung-rakyat-lewat-dpr-keliru-kalau-bilang-proyek-saya', 'url': 'https://t.co/WcgXtJc7La', 'indices': [573, 596]}]",41730943,VIVAcoid,VivaCoid,1839108185967439988,"Presiden Joko Widodo atau Jokowi menegaskan, bahwa pemindahan Ibu Kota Negara dari Jakarta ke Penajam Paser Utara, Kalimantan Timur, didukung oleh rakyat, yang diwakili oleh DPR RI.

Mantan Gubernur DKI itu menyebut Undang-undang pemindahan ibu kota disetujui oleh 93 persen https://t.co/9B5Hhb6SYC",Thu Sep 26 01:02:15 +0000 2024,1,1
70,[],1299994386466365440,RanBetterRan,Ran,1839730497397895483,Terserah ya mau ngomong apa.. tapi gua setuju2 aja dengan pemindahan ibu kota dengan salah 1 alasan mengurai kemacetan jkt. Apalagi proyek udah jalan gini.. tolol amat kalo gajadi. Rugi dong.,Fri Sep 27 18:15:05 +0000 2024,0,7
71,"[{'display_url': 'democrazy.id/2024/09/kelakuâ€¦', 'expanded_url': 'https://www.democrazy.id/2024/09/kelakuan-jokowi-jakarta-bukan-ibu-kota.html', 'url': 'https://t.co/cjJuM8hnlq', 'indices': [94, 117]}]",1243804423001763841,democrazymedia,Democrazy News,1837036472945275160,"Kelakuan Jokowi: Jakarta Bukan Ibu Kota Lagi, IKN Belum Resmi, Lalu Prabowo Dilantik di Mana?
https://t.co/cjJuM8hnlq",Fri Sep 20 07:50:00 +0000 2024,232,634
72,[],58880688,pikiran_rakyat,Pikiran Rakyat,1839174531849793590,"Presiden Jokowi menegaskan jika proyek pemindahan ibu kota dari ke Ibu Kota Nusantara (IKN) bukan proyek presiden, tapi merupakan keputusan seluruh rakyat Indonesia yang diwakili oleh seluruh DPR.
.
""Jadi ini bukan keputusan presiden saja, tetapi juga keputusan seluruh rakyat https://t.co/mmyqt4NxHp",Thu Sep 26 05:25:53 +0000 2024,0,3
73,[],58880688,pikiran_rakyat,Pikiran Rakyat,1810970794211832178,"Anggota Komisi IV DPR RI, Djarot Syaiful Hidayat merespons pernyataan Presiden RI Joko Widodo (Jokowi) yang tak mau buru-buru untuk menerbitkan Keputusan Presiden (Keppres) pemindahan Ibu Kota Negara (IKN) dari Jakarta ke Nusantara di Kalimantan.
.
Djarot pun mengaku sejak awal https://t.co/r27bazoGyj",Wed Jul 10 09:34:18 +0000 2024,0,0
74,"[{'display_url': 'Pikiran-Rakyat.com', 'expanded_url': 'http://Pikiran-Rakyat.com', 'url': 'https://t.co/B3VLYsueTo', 'indices': [564, 587]}, {'display_url': 'pikiran-rakyat.com/nasional/pr-01â€¦', 'expanded_url': 'https://www.pikiran-rakyat.com/nasional/pr-017712409/asn-pindah-ke-ikn-mulai-juli-2024-tunggu-pembangunan-hunian-rampung', 'url': 'https://t.co/ve7WMv1nvV', 'indices': [949, 972]}]",58880688,pikiran_rakyat,Pikiran Rakyat,1757269764173652129,"Sekretaris Otorita Ibu Kota Nusantara (OIKN) Jaka Santos memastikan bahwa pemindahan Aparatur Sipil Negara (ASN) ke Ibu Kota Negara (IKN), Kalimantan Timur akan dilakukan bertahap mulai Juli 2024. Ia menjelaskan bahwa proses pemindahan bergantung pada pembangunan hunian ASN di https://t.co/FNmGRAQGLk",Tue Feb 13 05:05:34 +0000 2024,1,1
75,[],23343960,kompascom,Kompas.com,1839209771049889998,"Presiden Joko Widodo menyebut pemindahan Ibu Kota ke Nusantara merupakan proyek yang disepakati bersama.

Menurut Jokowi, itu bukan keputusan presiden saja, tetapi juga keputusan seluruh rakyat Indonesia yang diwakili oleh seluruh anggota DPR RI. https://t.co/HrBr9APb1s",Thu Sep 26 07:45:54 +0000 2024,0,0
76,"[{'display_url': 'nasional.tempo.co/read/1902696/jâ€¦', 'expanded_url': 'https://nasional.tempo.co/read/1902696/jokowi-bilang-belum-siap-alihkan-ibu-kota-dari-jakarta-ke-ikn-pindah-rumah-saja-ribet-jangan-menggampangkan?utm_source=Twitter&utm_medium=dlvr.it', 'url': 'https://t.co/Qrd1PguhUA', 'indices': [55, 78]}]",55200751,WagimanDeep212_,Habieb Selow,1823000175419515374,"Kalian rakyat terlalu menggampangkan...dasar rakyat! 
 https://t.co/Qrd1PguhUA https://t.co/DJGXWe2icO",Mon Aug 12 14:14:46 +0000 2024,41,290
77,[],57261519,Metro_TV,METRO TV,1839169671377072210,"Presiden Joko Widodo menegaskan pemindahan ibu kota negara IKN ke Kalimantan Timur bukan proyek pribadinya. Jokowi menjelaskan pemindahan ibu kota sudah dengan izin DPR RI dan disetujui mayoritas Fraksi partai.

#jokowidodo #ibukotanusantara #nusantara #ibukotabaru https://t.co/XJZBRx1TMX",Thu Sep 26 05:06:34 +0000 2024,0,3
78,"[{'display_url': 'zip.lu/3kazw', 'expanded_url': 'https://zip.lu/3kazw', 'url': 'https://t.co/tljKfiIr4g', 'indices': [508, 531]}]",55507370,tvOneNews,tvOnenews,1840059083690520586,"Presiden Joko Widodo mengungkap Alasan dirinya belum menerbitkan Keputusan Presiden (Keppres) soal pemindahan Ibu Kota dari Jakarta ke Ibu Kota Nusantara (IKN).

Jokowi menyatakan, penerbitan Keppres harus melihat kesiapan Ibu Kota Nusantara (IKN) diantaranya soal infrastruktur, https://t.co/9NjE5OvP1l",Sat Sep 28 16:00:46 +0000 2024,0,3
79,[],1630749805734678529,PngAdilnR4kyt,Pengadilan Rakyat,1788414877440369032,"PEMINDAHAN IBUKOTA DARI JAKARTA KE KALIMANTAN BERARTI INGIN MENGHILANGKAN SEJARAH BANGSA INDONESIA....â€¼ï¸

#KabinetGemoyPrabowo
#KabinetGemoyPrabowo
ğŸ†˜ğŸ†— https://t.co/YX0AblBwPU",Thu May 09 03:45:08 +0000 2024,427,836
80,[],58880688,pikiran_rakyat,Pikiran Rakyat,1820775575440826630,"Sebelumnya, Presiden Jokowi telah menyampaikan rencana untuk memindahkan sebanyak 1.740 ASN dari Jakarta ke IKN secara bertahap mulai September 2024.
.
Pemindahan ASN ini merupakan langkah strategis dalam mewujudkan visi Indonesia sebagai negara maju dengan ibu kota baru yang https://t.co/KH5tXjcVL4",Tue Aug 06 10:55:00 +0000 2024,0,4
81,"[{'display_url': 'cnbcindonesia.com/news/202403181â€¦', 'expanded_url': 'https://www.cnbcindonesia.com/news/20240318153828-4-522928/dpr-tidak-mau-pindah-ke-ikn-usul-jakarta-jadi-ibu-kota-legislasi?utm_source=X&utm_medium=oa&utm_campaign=socmedcnbc', 'url': 'https://t.co/1vHjuiULze', 'indices': [66, 89]}]",847372542830444544,cnbcindonesia,CNBC Indonesia,1769652057257201905,"DPR Tidak Mau Pindah ke IKN, Usul Jakarta Jadi Ibu Kota Legislasi
https://t.co/1vHjuiULze",Mon Mar 18 09:08:23 +0000 2024,483,1776
82,"[{'display_url': 'gelora.co/2024/07/prabowâ€¦', 'expanded_url': 'https://www.gelora.co/2024/07/prabowo-tidak-mau-pindah-ibu-kota-dari.html', 'url': 'https://t.co/MTEY2Dec6b', 'indices': [54, 77]}]",3319260420,geloraco,GELORA NEWS,1810729281234030819,"Prabowo Tidak Mau Pindah Ibu Kota dari Jakarta ke IKN
https://t.co/MTEY2Dec6b",Tue Jul 09 17:34:37 +0000 2024,911,5605
83,[],1224714643500781568,txt4masyarakat,ğŸ…´ Departemen Penerangan,1836911450646007904,ohh pantes blm diteken keppres pemindahan ibu kotaâ€¦ mau cek ombak dulu ya krn takut kena karmaâ€¦,Thu Sep 19 23:33:12 +0000 2024,0,0
84,[],850223128559067137,fxseni,bastian suban,1839186919173009644,"@Fahrihamzah Ludah di 2019 : Wakil Ketua DPR Fahri Hamzah menolak rencana pemindahan ibu kota negara ke Kalimantan. Menurut dia, Jakarta memiliki sejarah panjang yang tidak bisa ditinggalkan begitu saja.

Jilat kembali di 2024. Tikus",Thu Sep 26 06:15:06 +0000 2024,9,59
85,"[{'display_url': 'pikiran-rakyat.com/nasional/pr-01â€¦', 'expanded_url': 'https://www.pikiran-rakyat.com/nasional/pr-017741299/asn-pindah-ke-ikn-oktober-2024-seusai-presiden-dan-wakil-presiden-baru-dilantik', 'url': 'https://t.co/vornaLmD9X', 'indices': [1258, 1281]}]",58880688,pikiran_rakyat,Pikiran Rakyat,1760199799801102822,"Deputi Bidang Reformasi Birokrasi, Akuntabilitas Aparatur, dan Pengawasan Kementerian Aparatur Negara dan Reformasi Birokrasi (PANRB), Erwan Agus Purwanto, mengatakan, kloter pertama pemindahan Aparatur Sipil Negara (ASN) ke Ibu Kota Negara (IKN) di Kalimantan Timur akan dimulai https://t.co/9R68okcSED",Wed Feb 21 07:08:29 +0000 2024,0,0
86,"[{'display_url': 'youtu.be/-o98A1U0lVk', 'expanded_url': 'https://youtu.be/-o98A1U0lVk', 'url': 'https://t.co/UQwtIrIx5P', 'indices': [169, 192]}]",2421762716,ILCTalkshow,Indonesia Lawyers Club,1840401488868429999,"â€œBayangkan, kok bisa memindahkan ibu kota dgn undang-undang tapi fisiknya aja baru mau dimulai??! Kan aneh bin ajaib!â€ #ReflyHarun #ILC // TONTON SEKARANG YOUTUBE ILC ğŸ‘‰ https://t.co/UQwtIrIx5P https://t.co/AeSUhmxqRm",Sun Sep 29 14:41:22 +0000 2024,197,609
87,"[{'display_url': 'fusilatnews.com/kelakuan-jokowâ€¦', 'expanded_url': 'https://fusilatnews.com/kelakuan-jokowi-jakarta-bukan-ibu-kota-lagi-ikn-belum-resmi-lalu-prabowo-dilantik-di-mana/', 'url': 'https://t.co/fSga6q9xp0', 'indices': [94, 117]}]",30201110,alisyarief,Ali Syarief - ã‚¢ãƒªãƒ»ã‚·ãƒ£ãƒªãƒ¼ãƒ•,1836929514204713349,"Kelakuan Jokowi: Jakarta Bukan Ibu Kota Lagi, IKN Belum Resmi, Lalu Prabowo Dilantik di Mana? https://t.co/fSga6q9xp0",Fri Sep 20 00:44:59 +0000 2024,433,1332
88,[],24893875,ferrykoto,Ferry Koto,1839830021093110001,"@msaid_didu @aniesbaswedan 5. Kapan Kepres pemindahan Ibu Kota dari Jakarta ke Kota Nusantara di Kalimantan dikeluarkan, telah jelas tertulis di UU IKN dan lampirannya.

Pak Said tinggal baca, kalau tak paham juga, monggo balik ke sini untuk tanya saya. Nanti sy jelaskan lagi. 

Demikian. ğŸ™",Sat Sep 28 00:50:34 +0000 2024,2,27
89,"[{'display_url': 'nasional.tempo.co/read/1888972/jâ€¦', 'expanded_url': 'https://nasional.tempo.co/read/1888972/jokowi-tak-mau-paksa-pindahkan-ibu-kota-ke-ikn-bisa-setelah-oktober?utm_source=Twitter&utm_medium=dlvr.it', 'url': 'https://t.co/9uE4nHVK0w', 'indices': [69, 92]}]",18129942,tempodotco,tempo.co,1810292033854316894,Jokowi Tak Mau Paksa Pindahkan Ibu Kota ke IKN: Bisa Setelah Oktober https://t.co/9uE4nHVK0w #TempoNasional,Mon Jul 08 12:37:09 +0000 2024,243,1051
90,"[{'display_url': 'x.com/IziIzi624083/sâ€¦', 'expanded_url': 'https://x.com/IziIzi624083/status/1840684985352856047?s=19', 'url': 'https://t.co/Q6eyo0PIAg', 'indices': [246, 269]}]",115438018,sociotalker,Joel Picard,1840690553568297135,"gw gk setuju ikn dimangkrakan. berkali2 gw bilang, kalopun ikn penuh masalah, tapi jgn sampe apa yg udah dibangun jadi sia2. gedung2 yg udh terlanjur dibangun bisa di repurpose utk kbutuhan pemerintah pusat/daerah. tetapi ibukota tetap jakarta.

https://t.co/Q6eyo0PIAg",Mon Sep 30 09:50:01 +0000 2024,183,1936
91,[],150581612,dw_indonesia,DW Indonesia,1836670446265340397,"Presiden Joko Widodo (Jokowi) menekankan keputusan presiden (keppres) pemindahan ibu kota menunggu semua ekosistem di Ibu Kota Nusantara (IKN) benar-benar siap. Jokowi menyebut pindah ibu kota harus dihitung secara matang.

Hal tersebut diungkap Jokowi usai menghadiri Indonesia https://t.co/zWB0Gb8nnZ",Thu Sep 19 07:35:32 +0000 2024,0,1
92,[],904714474132606977,HensuAja,Peronda Malam,1839610938653323437,"Ada yang mulai galau dan terus mencari pembenaran.

1. Pemindahan Ibu Kota itu gagasan Bung Karno
2. IKN itu keinginan rakyat, bukan kehendak Mulyono, apalagi anak Mulyono yang hedonis.

Mulai sadar potensi mangkraknya IKN, karena tidak diminati investor.
Mulai gelisah potensi",Fri Sep 27 10:20:00 +0000 2024,0,5
93,[],80559922,ferizandra,ferizandra,1838992990850916478,"@ARSIPAJA Tahun 2019... beliau segitu ngototnya ibu kota Indonesia harus pindah...

Pindahnya pun gak tanggung2... jauh menyeberang laut ke Kalimantan Timur... masyarakat adat tergusur, hutan dibabat, habitat orangutan pun berkurang...

Tahun 2024... dengan entengnya beliau bilang IKN",Wed Sep 25 17:24:30 +0000 2024,55,420
94,[],1382409466750988291,shiroishi__,zee,1840175306218582165,"Wacana pemindahan ibu kota RI ke Palangkaraya merupakan wacana yang ngawur dan tidak memperhatikan aspek ekologis.

Beruntung Sukarno sendiri yang mengubur dalam-dalam wacana itu",Sat Sep 28 23:42:36 +0000 2024,0,9
95,[],799023207294504960,__LOVE_AG4EVER,PUTRI CEBONG (IG:Putri_cebong.id),1836733172815647212,"Perpindahan Ibu Kota Indonesia dari Jakarta ke Kalimantan Timur hanya Menunggu satu hal lagi,Yaitu Keputusan Presiden (Keppres).
Meski begitu nampaknya Presiden @jokowi tak mau buru-buru menekan beleid tersebut.

Impian Presiden Soekarno, Presiden Jokowi yang mewujudkannyağŸ™â¤ï¸ğŸ‡²ğŸ‡¨ https://t.co/jn5Bx276b5",Thu Sep 19 11:44:47 +0000 2024,67,307
96,"[{'display_url': 'gelora.co/2024/09/jokowiâ€¦', 'expanded_url': 'https://www.gelora.co/2024/09/jokowi-bilang-pemindahan-ibu-kota-ke.html', 'url': 'https://t.co/RmDOAtGWL1', 'indices': [257, 280]}]",1662393953398980609,AlineAl85171985,Aline,1839312502238359680,"Dari Awal IkN Tidak Melibatkan Rakyat, Yg Kritik Dikerahkan BuzzerRp Utk Menyerang,Tiba2 Mulyono Bilang Pemindahan Ibukota Kputusan Rkyt Indonesia, Vangke 
_

Jokowi Bilang Pemindahan Ibu Kota ke IKN Keputusan Rakyat Indonesia, Warganet: Rakyat yang Mana - https://t.co/RmDOAtGWL1",Thu Sep 26 14:34:07 +0000 2024,0,1
97,[],37414097,realfedinuril,Fedi Nuril,1840635776809492866,@SokaJati Tidak ada tentang pemindahan ibu kota negara di UU Darurat 10/1957.,Mon Sep 30 06:12:21 +0000 2024,1,322
98,[],1644157426877489154,TeropongGaruda,TEROPONG GARUDA ğŸ‡®ğŸ‡©,1838736756059086936,"Optimalkan Pemerataan! Pemindahan ibu kota menjadi upaya menggeser struktur perekonomian ke luar Jawa 

#jatimdamai jasa tti murah Persib Assassin's Creed Adik Fufufafa Enzy waspada human trafficking WAYV JAPAN DEBUT TODAY Vario Hell is Us Mirip https://t.co/VyD71PLkVj",Wed Sep 25 00:26:19 +0000 2024,1,1
99,"[{'display_url': 'gelora.co/2024/06/pdip-aâ€¦', 'expanded_url': 'https://www.gelora.co/2024/06/pdip-apakah-memindahkan-ibu-kota-kita.html', 'url': 'https://t.co/vSH9IPPejD', 'indices': [55, 78]}]",3319260420,geloraco,GELORA NEWS,1798674873335865444,"PDIP: Apakah Memindahkan Ibu Kota, Kita Menjadi Hebat?
https://t.co/vSH9IPPejD",Thu Jun 06 11:14:42 +0000 2024,293,1731
100,[],736600582538944512,RK_Lamongan,Rumah Kita Lamongan,1838920818287345875,"Kapan kami "" rakyat "" dilibatkan dalam keputusan pemindahan ibu kota, itu kan proyek ambisius mu kok sekarang mau cuci tangan.
Mulyono Mulyono https://t.co/ww7EQfadIc",Wed Sep 25 12:37:43 +0000 2024,1,2
101,[],600899581,JukiHoki,Si Juki,1765281567646368011,"Status Jakarta sebagai ibukota udah berakhir 15 februari yang lalu.

Penetapan IKN sebagai ibukota baru yang resmi belum dibuat.

Secara de jure, kita gak punya ibukota.",Wed Mar 06 07:41:37 +0000 2024,1567,5143
102,"[{'display_url': 'youtu.be/-o98A1U0lVk', 'expanded_url': 'https://youtu.be/-o98A1U0lVk', 'url': 'https://t.co/UQwtIrIx5P', 'indices': [169, 192]}]",2421762716,ILCTalkshow,Indonesia Lawyers Club,1839311732864594231,"â€œBayangkan, kok bisa memindahkan ibu kota dgn undang-undang tapi fisiknya aja baru mau dimulai??! Kan aneh bin ajaib!â€ #ReflyHarun #IKN // TONTON SEKARANG YOUTUBE ILC ğŸ‘‰ https://t.co/UQwtIrIx5P https://t.co/4xYEX6NVtk",Thu Sep 26 14:31:04 +0000 2024,326,741
103,[],15398472,Vindyartop,Vindyarto,1833001645741105284,"#Iran Pertimbangkan Pemindahan Ibu Kota Lebih Dekat ke #TelukPersia

Pemerintah Iran berencana untuk memindahkan ibu kota negara dari ** Teheran ** ke selatan, lebih dekat ke ** Teluk Persia ** karena masalah ekonomi. 

Presiden ** Ebrahim Raisi ** menyatakan bahwa tidak mungkin https://t.co/tDWOpKkfmu",Mon Sep 09 04:37:02 +0000 2024,0,0
104,[],2905814730,abu_waras,Lambe Waras,1769871511320764840,"Kekacauan sedang melanda negeri ini.
Jika Anggota DPR Tidak Mau Pindah ke IKN, maka PNS dan ASN bisa ikut2an DPR tidak  mau pindah juga ke IKN, dan usulkan Jakarta sebagai Ibu Kota Aparatur dan Pegawai Negara.
Sudah gitu saja Solusinya
biar sama sama enak.
ğŸ˜ƒğŸ¤­ https://t.co/6xzfoVXFGD",Mon Mar 18 23:40:25 +0000 2024,113,262
105,[],46614875,mkusumawijaya,Kota-kota Indonesia: Pengantar untuk Orang Banyak,1839591161113280888,"Sukarno bukan penggagas, dan bukan hanya mewacanakan, tetapi juga MEMBATALKAN rencana pindah ibukota.",Fri Sep 27 09:01:25 +0000 2024,155,514
106,[],18129942,tempodotco,tempo.co,1771010924457193672,"Pemerintah akan menjual tanah Ibu Kota Nusantara (IKN) di Kalimantan Timur kepada investor. Gula-gula yang membahayakan keuangan negara.

#KoranTempo #tempo #editorial #jual #tanah #IKN #Nusantara https://t.co/7Se6rcgChl",Fri Mar 22 03:08:02 +0000 2024,143,227
107,[],1129672753651388416,H4T14K4LN4L42,ğŸ‡®ğŸ‡©7464H4T1âœğŸ‡®ğŸ‡©,1791818123710263463,"Anda pilih keinginan Rakyat Ibu Kota tetap di Jakarta... 
Atau.... 
Mengikuti kemauan @jokowi @prabowo 
Ibu Kota pindah di IKN kalimantan Timur....? 
Akal waras...???? https://t.co/UzZoXl9AAE",Sat May 18 13:08:25 +0000 2024,424,784
108,"[{'display_url': 'oposisicerdas.com/2024/09/ikn-prâ€¦', 'expanded_url': 'https://www.oposisicerdas.com/2024/09/ikn-proyek-jokowi-rocky-gerung-bahkan.html', 'url': 'https://t.co/7GErFhLmjE', 'indices': [79, 102]}]",887743587579944960,OposisiCerdas,OposisiCerdas.com,1840795351055585610,IKN Proyek Jokowi? Rocky Gerung: Bahkan JK Tidak Tahu Soal Pemindahan Ibu Kota https://t.co/7GErFhLmjE,Mon Sep 30 16:46:26 +0000 2024,23,37
109,"[{'display_url': 'bitly.ws/3f2gj', 'expanded_url': 'https://bitly.ws/3f2gj', 'url': 'https://t.co/DzRZChvCPp', 'indices': [523, 546]}]",55507370,tvOneNews,tvOnenews,1765001039412093029,"Kabar mengejutkan datang dari Ibu Kota Negara, DKI Jakarta. Pasalnya, status DKI Jakarta sebagai ibu kota negara habis pada 15 Februari lalu.  

Hal ini dikatakan Ketua Badan Legislasi (Baleg) DPR Supratman Andi Agtas. Bahkan dia jelaskan UU Undang-Undang Nomor 29 Tahun 2007 https://t.co/6a8eaBJUTV",Tue Mar 05 13:06:54 +0000 2024,929,2515
110,[],1447610310529982467,TeddGus,Teddy Gusnaidi,1839852411252551775,"Barusan ada yang bilang, nanti Prabowo-Gibran gak sah dilantiknya, karena harus di Gedung DPR/MPR dan harus di Ibukota negara. Sedangkan ibukota kita sudah pindah, sudah bukan di Jakarta, sedangkan IKN belum siap. 

Kata gue, Jakarta masih ibukota negara Indonesia. Karena belum https://t.co/HoTQJRozAn",Sat Sep 28 02:19:32 +0000 2024,64,311
111,"[{'display_url': 'peradaban.id/isi-kuliah-umuâ€¦', 'expanded_url': 'https://peradaban.id/isi-kuliah-umum-kebangsaan-di-unmul-ketum-ansor-singgung-keberanian-dan-efek-kesejahteraan-ikn/', 'url': 'https://t.co/IA1D8NuCUV', 'indices': [255, 278]}]",27273558,kawalkyai,KawalKyai,1839698426226966634,"Ketua Umum Pimpinan Pusat Gerakan Pemuda Ansor Addin Jauharuddin mengisi Kuliah Umum Kebangsaan di Universitas Mulawarman. Dalam paparannya, Bang Addin menyinggung keberanian, kesinambungan &amp; efek keadilan dalam pemindahan ibu kota negara ke Kaltim. 
https://t.co/IA1D8NuCUV https://t.co/P244qtJM81",Fri Sep 27 16:07:39 +0000 2024,4,14
112,"[{'display_url': 'esi.kemdikbud.go.id/wiki/Palangkarâ€¦', 'expanded_url': 'https://esi.kemdikbud.go.id/wiki/Palangkaraya_sebagai_Bakal_Ibukota_Indonesia', 'url': 'https://t.co/wU6MnT5Ol8', 'indices': [184, 207]}]",2954401411,rabkaamatarp,Rabka Amatarp,1839550019969634341,"@realfedinuril Ini mas tulisan ilmiah yg agak mendingan dg referensi. Tp terkesan agak galau juga bung Karno, abis lempar wacana Palangkaraya jd ibukota, malah bikin UU DKI Jakarta. 

https://t.co/wU6MnT5Ol8",Fri Sep 27 06:17:56 +0000 2024,48,711
113,[],3074409476,tamenghitam,Tameng Hitam,1836955497091715377,Presiden Jokowi tegaskan pentingnya kesiapan total untuk pemindahan Ibu Kota Negara https://t.co/478AClfsGX,Fri Sep 20 02:28:14 +0000 2024,0,0
114,"[{'display_url': 'gelora.co/2024/09/soal-pâ€¦', 'expanded_url': 'https://www.gelora.co/2024/09/soal-pemindahan-ibu-kota-ke-ikn-jokowi.html', 'url': 'https://t.co/ZqfnvfniEv', 'indices': [89, 112]}]",3319260420,geloraco,GELORA NEWS,1837879088444592561,"Soal Pemindahan Ibu Kota Ke IKN, Jokowi: Tak Ingin Memaksakan Sesuatu yang Belum Selesai
https://t.co/ZqfnvfniEv",Sun Sep 22 15:38:15 +0000 2024,4,9
115,"[{'display_url': 'oposisicerdas.com/2024/09/jokowiâ€¦', 'expanded_url': 'https://www.oposisicerdas.com/2024/09/jokowi-frustasi-soal-ikn-jakarta-masih.html', 'url': 'https://t.co/8jJoIGpHGd', 'indices': [89, 112]}]",887743587579944960,OposisiCerdas,OposisiCerdas.com,1840716454897049931,Jokowi Frustasi soal IKN? Jakarta Masih Ibu Kota RI sampai Ada Keppres Pemindahan ke IKN https://t.co/8jJoIGpHGd,Mon Sep 30 11:32:56 +0000 2024,23,30
116,[],1764278689188237312,stravenues,Txt Tata Kota,1786554971049341305,"Pemindahan Ibukota negara bukan hal yang baru di dunia. Udah banyak negara yang memindahkan ibukotanya. Dari sekian banyak pemindahan tersebut, banyak yang ternyata ""gagal"". Kenapa?

(Sebuah Utas) https://t.co/UfGAg2YEv5",Sat May 04 00:34:32 +0000 2024,98,428
117,"[{'display_url': 'kompas1.net/presiden-jokowâ€¦', 'expanded_url': 'https://kompas1.net/presiden-jokowi-tegaskan-pentingnya-kesiapan-total-untuk-pemindahan-ibu-kota-negara/', 'url': 'https://t.co/SrTwZFSZis', 'indices': [87, 110]}]",1711469322869354496,HajiZurfam28414,Kompas 1 Net,1836783301849415811,"*Presiden Jokowi Tegaskan Pentingnya Kesiapan Total untuk Pemindahan Ibu Kota Negara*
 https://t.co/SrTwZFSZis https://t.co/klf6thGD77",Thu Sep 19 15:03:59 +0000 2024,0,0
118,"[{'display_url': 'nasional.tempo.co/read/1921437/jâ€¦', 'expanded_url': 'https://nasional.tempo.co/read/1921437/jokowi-bilang-keputusan-pindah-ikn-dari-seluruh-rakyat-bukan-mau-presiden-saja-tapi-survei-berkata-lain', 'url': 'https://t.co/bX9LhNRw8C', 'indices': [222, 245]}]",1248726242,masaryaduta,Arya Duta Boekanáµ—áµ,1839564092337692885,"Tidak seluruh masyarakat Indonesia setuju pemindahan ibu kota negara dalam waktu segera. Bahkan, saat wacananya diumumkan Jokowi pada Agustus 2019 lalu, survei beberapa bulan setelahnya justru menunjukkan respon negatif. 
https://t.co/bX9LhNRw8C",Fri Sep 27 07:13:51 +0000 2024,0,0
119,[],62193722,Hikikomori_,ã²ãã“ã†ã‚‚ã‚Š,1824752359161168307,"ã‚¤ãƒ³ãƒ‰ãƒã‚·ã‚¢ãŒã‚¸ãƒ£ã‚«ãƒ«ã‚¿ã‹ã‚‰ãƒŒã‚µãƒ³ã‚¿ãƒ©ã«é¦–éƒ½ç§»è»¢ã—ãŸãã†ã€‚
æ—¥æœ¬ã‚‚åœ°éœ‡ã‚„å°é¢¨ã‚„ç«å±±æ´»å‹•ãŒæ´»ç™ºã§ã€ç‰¹ã«é–¢æ±å¤§éœ‡ç½ã¯ç¢ºå®Ÿã«æ¥ã‚‹ã“ã¨ãŒã‚ã‹ã£ã¦ã‚‹ã‚“ã ã‹ã‚‰ã€ä½•ã§ã‚‚ã‹ã‚“ã§ã‚‚æ±äº¬ä¸€æ¥µé›†ä¸­ã¯è‰¯ããªã„ã‚ˆã­ã€‚
å›½å†…ã§ç‰¹ã«ç½å®³ã«å¼·ã„åœ°åŸŸã‚’ç²¾æŸ»ã—ã¦ã€é¦–éƒ½æ©Ÿèƒ½ã‚’ã‚ã‚‹ç¨‹åº¦ç§»è»¢ã—ãŸã»ã†ãŒè‰¯ã„ã¨æ€ã†ã‚“ã ã‘ã©ã­",Sat Aug 17 10:17:19 +0000 2024,73,280
120,"[{'display_url': 'fakta.com/nasional/fkt-1â€¦', 'expanded_url': 'https://fakta.com/nasional/fkt-18940/ikn-harus-siap-betul-jokowi-keppres-bisa-diteken-saya-bisa-prabowo', 'url': 'https://t.co/npmGx7ODDH', 'indices': [200, 223]}]",1308656035201130497,Faktacom_,Faktacom,1836619229132656931,"Perpindahan Ibu Kota Indonesia dari Jakarta ke Ibu Kota Nusantara di Kalimantan Timur masih menunggu waktu. Pasalnya, Keputusan Presiden (Keppres) terkait pemindahan ibu kota belum juga diterbitkan.

https://t.co/npmGx7ODDH",Thu Sep 19 04:12:01 +0000 2024,2,3
121,[],121640063,RadioElshinta,Radio Elshinta,1839232422887424342,"Pemindahan Ibu Kota Negara bukanlah gagasan baru, wacana pemindahan ibu kota telah melalui berbagai pertimbangan &amp; perencanaan panjang. Yuk, simak informasinya!

via @IndonesiaBaikId 
@ikn_id 
#ElshintaInfo https://t.co/s4HbcZrpec",Thu Sep 26 09:15:55 +0000 2024,0,0
122,"[{'display_url': 'dlvr.it/TDhQv2', 'expanded_url': 'http://dlvr.it/TDhQv2', 'url': 'https://t.co/pSRjkjl3cT', 'indices': [59, 82]}]",23343960,kompascom,Kompas.com,1839178854843429100,Jokowi Tegaskan Pemindahan Ibu Kota ke IKN Bukan Proyeknya https://t.co/pSRjkjl3cT,Thu Sep 26 05:43:03 +0000 2024,0,4
123,[],1468287361847296000,puorjoTV,puorjoTV,1839545943789908190,"Jokowi Kenang Awal Mula Keputusan Pemindahan Ibu Kota ke IKN

#AyoMbangunDeso #GeloraPurworejo #pituruh #kemiri #bruno #sekartejo #wonoyoso #karanggetas #prigelan #somogede #kalimeneng #kemirilor #kapiteran #loning #brunorejo #purworejo #Wahyudi #AnisMatta #FahriHamzah https://t.co/vbYx8xsDiQ",Fri Sep 27 06:01:44 +0000 2024,0,3
124,[],30201110,alisyarief,Ali Syarief - ã‚¢ãƒªãƒ»ã‚·ãƒ£ãƒªãƒ¼ãƒ•,1824954160376361175,"""LBP merasa bangga bisa Merayakan HUT RI di IKN, karya sendiri - tidak ditempat warisan kolonial"", alasan yg hanya menjadi bahan olok-olok. Memang pindah Ibukota akan melonjakan pertumbuhan ekonomi? mengentaskan kemiskinan? atau Memakmurkan/Mensejahterakan rakyat?",Sat Aug 17 23:39:12 +0000 2024,89,267
125,[],1236229061552140288,Kopipait__78,ğŸ‡®ğŸ‡© Ğ¼Î±ÔƒÎ±Ğ¼ ÔƒĞ½Ñ”Î·ÏƒĞº ğŸ‡µğŸ‡¸,1782978366498558156,"Pemerintah akan mulai memindahkan aparatur sipil negara (ASN) ke Ibu Kota Nusantara pada September 2024.

Jumlah ASN yang akan dipindahkan pada tahap pertama sebanyak 11.916 orang.

*ğğ ğ¨ğ¤ https://t.co/DK9S8KWZkH",Wed Apr 24 03:42:23 +0000 2024,69,199
126,[],18129942,tempodotco,tempo.co,1839575828117791021,"Presiden Joko Widodo atau Jokowi mengatakan ide pemindahan ibu kota negara dari Jakarta bukanlah hal baru. Wacana serupa disebutnya pernah mencuat di era pemerintahan Presiden Pertama RI Sukarno dan presiden-presiden setelahnya.

#TempoHeadliner https://t.co/yVaChrb2ur",Fri Sep 27 08:00:29 +0000 2024,1,5
127,[],20963426,korantempo,Koran Tempo,1771010183512412609,"Pemerintah akan menjual tanah Ibu Kota Nusantara (IKN) di Kalimantan Timur kepada investor. Gula-gula yang membahayakan keuangan negara.

#KoranTempo #tempo #editorial #jual #tanah #IKN #Nusantara https://t.co/oloGmXinSf",Fri Mar 22 03:05:06 +0000 2024,173,295
128,"[{'display_url': 'kilat.com/nasional/84413â€¦', 'expanded_url': 'https://www.kilat.com/nasional/84413628637/jokowi-sebut-ide-pemindahan-ibu-kota-negara-ada-sejak-era-presiden-pertama-said-didu-betul-digagas-tapi', 'url': 'https://t.co/SBL1LbjM8P', 'indices': [110, 133]}]",174631261,Kilat_com,Kilat.com,1839836359131050341,"Jokowi Sebut Ide Pemindahan Ibu Kota Negara Ada Sejak Era Presiden Pertama, Said Didu: Betul Digagas Tapi...

https://t.co/SBL1LbjM8P",Sat Sep 28 01:15:45 +0000 2024,0,0
129,"[{'display_url': 'langkatoday.com/nasional/jokowâ€¦', 'expanded_url': 'https://langkatoday.com/nasional/jokowi-bilang-pemindahan-ibu-kota-ke-ikn-keputusan-rakyat-indonesia-warganet-rakyat-yang-mana/', 'url': 'https://t.co/4pXNJ6jebz', 'indices': [96, 119]}]",1534781683999723520,langkatodaycom,Langkat Today,1839146061501444293,"Jokowi Bilang Pemindahan Ibu Kota ke IKN Keputusan Rakyat Indonesia, Warganet: Rakyat yang Mana https://t.co/4pXNJ6jebz",Thu Sep 26 03:32:45 +0000 2024,0,0
130,"[{'display_url': 'dlvr.it/T49qT1', 'expanded_url': 'http://dlvr.it/T49qT1', 'url': 'https://t.co/UXIhNRMxdf', 'indices': [141, 164]}]",23343960,kompascom,Kompas.com,1769137628161712261,"Pemerintah meninggalkan Jakarta sebagai ibu kota, namun tak mau melepaskan cengkeramannya secara politik dan kekuasaan. Sangat kontradiktif. https://t.co/UXIhNRMxdf",Sat Mar 16 23:04:14 +0000 2024,640,1610
131,"[{'display_url': 'portaljtv.com/news/jokowi-teâ€¦', 'expanded_url': 'https://portaljtv.com/news/jokowi-tegaskan-pentingnya-kesiapan-ikn-sebelum-teken-kepprespemindahan-ibu-kota', 'url': 'https://t.co/aCMFBlXH2m', 'indices': [82, 105]}]",1379280810700800002,portaljtvcom,PortalJTV.com,1836587601152872762,Jokowi Tegaskan Pentingnya Kesiapan IKN sebelum Teken Keppres Pemindahan Ibu Kota https://t.co/aCMFBlXH2m,Thu Sep 19 02:06:20 +0000 2024,0,0
132,"[{'display_url': 'Kompas.id', 'expanded_url': 'http://Kompas.id', 'url': 'https://t.co/KZ58AEx3Xf', 'indices': [1113, 1136]}, {'display_url': 'kompas.id/baca/polhuk/20â€¦', 'expanded_url': 'https://www.kompas.id/baca/polhuk/2024/09/25/presiden-jokowi-ikn-bukan-proyek-jokowi?utm_source=twitter&utm_medium=card&utm_campaign=soc_hariankompas_polhuk_traffic', 'url': 'https://t.co/OeDzjQdkiF', 'indices': [1161, 1184]}]",255866913,hariankompas,Harian Kompas,1839249474235019673,"Presiden Jokowi: IKN Bukan Proyek Jokowi

Presiden Joko Widodo menyebut pemindahan Ibu Kota ke Nusantara sebagai proyek yang disepakati bersama. Pembangunan Istana di IKN juga menjadi kebanggaan karena dilakukan anak negeri.

Hal ini disampaikan Presiden Jokowi saat menyambut https://t.co/SUzUihEbuA",Thu Sep 26 10:23:40 +0000 2024,1,0
133,"[{'display_url': 'kitaindonesiasatu.com/news/jokowi-teâ€¦', 'expanded_url': 'https://www.kitaindonesiasatu.com/news/jokowi-tegaskan-pemindahan-ibu-kota-bukan-proyek-pribadi/', 'url': 'https://t.co/3yADc1MM4T', 'indices': [157, 180]}]",1823739733320912896,KitaIndonesiaSt,Kitaindonesiasatu.com,1839131933516919037,"Presiden Joko Widodo (Jokowi) menegaskan pemindahan ibu kota negara (IKN) ke Kalimantan Timur bukan proyek pribadinya.Â 

#Jokowi
#IKN
#kitaindonesiasatucom

https://t.co/3yADc1MM4T https://t.co/vTrqWf3s7F",Thu Sep 26 02:36:37 +0000 2024,0,0
134,[],3313271803,ini_polisi,ini POLISI,1836954953551860114,Presiden Jokowi tegaskan pentingnya kesiapan total untuk pemindahan Ibu Kota Negara https://t.co/EV8F0AKKVj,Fri Sep 20 02:26:04 +0000 2024,1,1
135,"[{'display_url': 'oposisicerdas.com/2024/09/ingin-â€¦', 'expanded_url': 'https://www.oposisicerdas.com/2024/09/ingin-pastikan-ikn-siap-sebelum-teken.html', 'url': 'https://t.co/LhH9g0yTtr', 'indices': [101, 124]}]",887743587579944960,OposisiCerdas,OposisiCerdas.com,1836709262640414944,"Ingin Pastikan IKN Siap Sebelum Teken Keppres Pemindahan Ibu Kota, Jokowi: Pindahan Rumah Saja Ruwet https://t.co/LhH9g0yTtr",Thu Sep 19 10:09:47 +0000 2024,25,26
136,[],18129942,tempodotco,tempo.co,1820761818639614130,"Pematangan skema pemindahan aparatur sipil negara atau ASN ke Ibu Kota Negara (IKN) Nusantara terus dilakukan. Berbagai kriteria pun diungkapkan pemerintah untuk memilih ASN yang akan berkantor di ibu kota baru. 

#TempoHeadliner https://t.co/z9qF9s3LgR",Tue Aug 06 10:00:20 +0000 2024,1,4
137,"[{'display_url': 'youtu.be/EXhOYFqkrwY?siâ€¦', 'expanded_url': 'https://youtu.be/EXhOYFqkrwY?si=jVUQZh6loRiWX1tU', 'url': 'https://t.co/vulqtYxkIT', 'indices': [220, 243]}]",1502822366946402304,DokterTifa,Dokter Tifa,1743448703107731817,"Motif Presiden utk memindahkan Ibukota ke PPU itu apa sebenarnya?

Ingat ya. Dari semua jari, jari terpenting adalah IBU JARI.

Dan Ibu Jari itu, letaknya TIDAK DI TENGAH.

Silakan simak, kalau bermanfaat bisa dishare.

https://t.co/vulqtYxkIT",Sat Jan 06 01:45:37 +0000 2024,98,350
138,"[{'display_url': 'bit.ly/4dpO82W', 'expanded_url': 'https://bit.ly/4dpO82W', 'url': 'https://t.co/UHN1pwdGsw', 'indices': [97, 120]}]",1618989586499383298,Leonengq,Lá´‡ OÉ´á´‡É´É¢,1839143778722164926,"Jokowi Bilang Pemindahan Ibu Kota ke IKN Keputusan Rakyat Indonesia, Warganet: Rakyat yang Mana

https://t.co/UHN1pwdGsw",Thu Sep 26 03:23:41 +0000 2024,0,0
139,[],1017270635465043968,Generasiosing,Calon DPR,1810975868157841819,@timpenguinnas Kalo Presiden Jokowi tidak segera menetapkan (Keppres) tentang pemindahan ibu kota negara ke IKN kemungkinan besar ya gabakal pindah Ibukota Negara. Melihat Prabowo juga belum tentu mau pindahkan Ibukota Negara. Menarik sih dinantikan,Wed Jul 10 09:54:27 +0000 2024,15,934
140,[],1166532124121239552,Aqil__Rasyad,Aqil Rasyad,1836393034071838936,"#TerimaKasihJokowi
Karena pemindahan ibu kota ke Nusantara merupakan langkah strategis yang akan memperkuat posisi Indonesia sebagai kekuatan politik dan ekonomi di kawasan. https://t.co/45mxVec7VV",Wed Sep 18 13:13:12 +0000 2024,3,3
141,"[{'display_url': 'oposisicerdas.com/2024/06/deklarâ€¦', 'expanded_url': 'https://www.oposisicerdas.com/2024/06/deklarasi-bersama-advokat-ulama-tokoh.html', 'url': 'https://t.co/xSItHPCZPR', 'indices': [140, 163]}]",887743587579944960,OposisiCerdas,OposisiCerdas.com,1800142736211001638,"Deklarasi Bersama Advokat, Ulama &amp; Tokoh Nasional: ""Batalkan Proyek IKN, Pertahankan Jakarta Sebagai Ibukota Negara Republik Indonesia"" https://t.co/xSItHPCZPR",Mon Jun 10 12:27:28 +0000 2024,487,1158
142,"[{'display_url': 'kontenislam.com/2024/09/jokowiâ€¦', 'expanded_url': 'https://www.kontenislam.com/2024/09/jokowi-bilang-pemindahan-ibu-kota-ke.html', 'url': 'https://t.co/mnC0KU5vlp', 'indices': [98, 121]}]",1636627729675337734,posaktualcom,kontenislamcom,1839266012736401781,"Jokowi Bilang Pemindahan Ibu Kota ke IKN Keputusan Rakyat Indonesia, Warganet: Rakyat yang Mana   https://t.co/mnC0KU5vlp",Thu Sep 26 11:29:24 +0000 2024,0,0
143,"[{'display_url': 'dlvr.it/TDfY6p', 'expanded_url': 'http://dlvr.it/TDfY6p', 'url': 'https://t.co/BDh4Ldi2bh', 'indices': [95, 118]}]",944180887171743745,inewsdotid,iNews.id,1838847201013043583,"Cerita Jokowi soal Pemindahan Ibu Kota Negara: Gagasan Bung Karno dan Pak Harto, Saya Eksekusi https://t.co/BDh4Ldi2bh",Wed Sep 25 07:45:11 +0000 2024,0,1
144,[],1232422194795466760,kimjiyeonstwin,ğŸ‰_Xipe-Harmony_ğŸ‰,1839979340731441636,"Beneran gak espek aku waktu ada wacana pemindahan ibu kota... Kirain cuman ""pindah"" secara status aja, tau2 nya bangun baru dari nol ğŸ¥²
Dikira meteran bensin pertamax kali ya... ğŸ¤¦ğŸ»â€â™€ï¸",Sat Sep 28 10:43:54 +0000 2024,0,0
145,"[{'display_url': 'akurat.co/nasional/13051â€¦', 'expanded_url': 'https://www.akurat.co/nasional/1305102235/keppres-pemindahan-ibu-kota-belum-diteken-jokowi-harus-betul-betul-siap', 'url': 'https://t.co/MnnDBjJKOz', 'indices': [82, 105]}]",786549338818224128,akuratco,Akuratco,1836941682979524708,"@jokowi Keppres Pemindahan Ibu Kota Belum Diteken, Jokowi: Harus Betul-betul Siap https://t.co/MnnDBjJKOz",Fri Sep 20 01:33:20 +0000 2024,0,0
146,"[{'display_url': 'dlvr.it/TDfXy7', 'expanded_url': 'http://dlvr.it/TDfXy7', 'url': 'https://t.co/A05TguGcWX', 'indices': [84, 107]}]",4755284968,idx_channel,IDX CHANNEL,1838846665006158123,"Jokowi Sebut Pemindahan Ibu Kota Bukan Keputusan Presiden Saja, Tapi Seluruh Rakyat https://t.co/A05TguGcWX",Wed Sep 25 07:43:03 +0000 2024,0,0
147,"[{'display_url': 'dlvr.it/TDfXKb', 'expanded_url': 'http://dlvr.it/TDfXKb', 'url': 'https://t.co/d1FyABMWkH', 'indices': [88, 111]}]",4755284968,idx_channel,IDX CHANNEL,1838844409724703018,"Soal Pemindahan Ibu Kota, Jokowi: Soekarno dan Soeharto Penggagas, Saya Hanya Eksekutor https://t.co/d1FyABMWkH",Wed Sep 25 07:34:06 +0000 2024,0,0
148,"[{'display_url': 'setkab.go.id/penandatanganaâ€¦', 'expanded_url': 'https://setkab.go.id/penandatanganan-keppres-pemindahan-ibu-kota-presiden-ikn-nusantara-harus-semuanya-sudah-siap/', 'url': 'https://t.co/jcH5ApABQk', 'indices': [249, 272]}]",1434455521633849346,abuyahany,"A Yousup Abd., SH",1839919871804747857,"Belum ditandatangani, artinya SU MPR jg pelantikan Presiden terpilih akan dilangsungkan di Jakarta.

Jg bs bermakna bhwa megaproyek ikn benar2 asbun.ğŸ§

Penandatanganan Keppres Pemindahan Ibu Kota,

Presiden: IKN Nusantara Harus Semuanya Sudah Siap
 https://t.co/jcH5ApABQk",Sat Sep 28 06:47:36 +0000 2024,0,0
149,[],132563186,hasyimalhabsi,hasyim arsal alhabsi,1840386430230790188,"Saya bukan ahli hukum, tapi orang yang membaca UU no 3 tentang Ibu Kota Negara.
Coba baca pasal 4 ayat 2, pasal 5 ayat 7. Menyangkut pemindahan baru terlaksana secara aktif setelah dikeluarkan Peraturan Presiden untuk itu.
Jadi sebelum ada Per pres pemindahan maka Ibu Kota",Sun Sep 29 13:41:32 +0000 2024,0,0
150,"[{'display_url': 'supernews.co.id/berita/3689-joâ€¦', 'expanded_url': 'https://www.supernews.co.id/berita/3689-jokowi-atau-prabowo-siapa-yang-berani-tanda-tangan-keppres-pemindahan-ibu-kota.html', 'url': 'https://t.co/txS3TL27Ub', 'indices': [81, 104]}]",1676869639157194754,Supernewscoid,Supernews,1836987014807441722,Jokowi atau Prabowo: Siapa yang Berani Tanda Tangan Keppres Pemindahan Ibu Kota? https://t.co/txS3TL27Ub,Fri Sep 20 04:33:28 +0000 2024,0,0
151,"[{'display_url': 'ift.tt/gKB0z93', 'expanded_url': 'https://ift.tt/gKB0z93', 'url': 'https://t.co/SVJ5PqUwY4', 'indices': [101, 124]}]",1710150884292997120,PontiDaily,Ponti Daily,1836311605497266246,"Belum Tandatangani Keppres Pemindahan Ibu Kota, Presiden Jokowi Tunggu Kesiapan Infrastruktur di IKN https://t.co/SVJ5PqUwY4",Wed Sep 18 07:49:38 +0000 2024,0,0
152,"[{'display_url': 'buseronline.com/2024/09/19/preâ€¦', 'expanded_url': 'https://buseronline.com/2024/09/19/presiden-jokowi-tegaskan-pentingnya-kesiapan-total-untuk-pemindahan-ibu-kota-negara/', 'url': 'https://t.co/qxe8KkUy6T', 'indices': [84, 107]}]",1501104265812537349,buseronline2022,Buser Online,1836703130454741140,Presiden Jokowi Tegaskan Pentingnya Kesiapan Total untuk Pemindahan Ibu Kota Negara https://t.co/qxe8KkUy6T lewat @Buser Online,Thu Sep 19 09:45:25 +0000 2024,0,1
153,[],1003546165105704962,DedynurPalakka,Dedy Nur,1780107658131034530,"Salah satu ciri pemimpin yang otentik dan visioner adalah pemimpin yang berani ambil resiko besar untuk kemajuan bangsanya walaupun digugat dari semua sudut. 

Dan salah satu keberanian terbesar dari @jokowi yang akan dicatat dalam sejarah perjalanan Indonesia adalah berani https://t.co/EphJZo53LN",Tue Apr 16 05:35:13 +0000 2024,85,906
154,"[{'display_url': 'beritakanid.com/2024/09/soal-pâ€¦', 'expanded_url': 'https://www.beritakanid.com/2024/09/soal-pemindahan-ibu-kota-ke-ikn-jokowi.html', 'url': 'https://t.co/gxSNBqmFQH', 'indices': [89, 112]}]",1512483442600341505,BeritakanID_com,BeritakanID News,1837892699787350273,"Soal Pemindahan Ibu Kota ke IKN, Jokowi: Tak Ingin Memaksakan Sesuatu yang Belum Selesai
https://t.co/gxSNBqmFQH",Sun Sep 22 16:32:20 +0000 2024,1,4
155,"[{'display_url': 'akurat.co/nasional/13047â€¦', 'expanded_url': 'https://www.akurat.co/nasional/1304728289/jokowi-belum-teken-keppres-pemindahan-ibu-kota-bakal-ditandatangani-prabowo', 'url': 'https://t.co/lxj3s2RVFV', 'indices': [78, 101]}]",786549338818224128,akuratco,Akuratco,1798296026954215820,"Jokowi Belum Teken Keppres Pemindahan Ibu Kota, Bakal Ditandatangani Prabowo? https://t.co/lxj3s2RVFV",Wed Jun 05 10:09:18 +0000 2024,0,0
156,"[{'display_url': 'beritakanid.com/2024/09/jokowiâ€¦', 'expanded_url': 'https://www.beritakanid.com/2024/09/jokowi-bilang-pemindahan-ibu-kota-ke.html', 'url': 'https://t.co/5ryQo0M3Py', 'indices': [96, 119]}]",1512483442600341505,BeritakanID_com,BeritakanID News,1839127630681174053,"Jokowi Bilang Pemindahan Ibu Kota ke IKN Keputusan Rakyat Indonesia, Warganet: Rakyat yang Mana
https://t.co/5ryQo0M3Py",Thu Sep 26 02:19:31 +0000 2024,1,4
157,[],1168017970049605632,ziieanna12,â„¤Ã©ğ•’,1839117406024904741,Keputusan seluruh rakyat? Gue nggak pernah setuju soal pemindahan ibu kota negara,Thu Sep 26 01:38:53 +0000 2024,0,0
158,[],1719885887662874624,anneserlo,anne serlo,1835640111783940346,"Walaupun saat ini saya bukan p3ndukung Jokowi, saya adalah pendukung pemindahan ibu kota negara ke IKN. IKN jangan sampai mangkrak. Sudah terlalu banyak uang rakyat yg dipertaruhkan di sana.",Mon Sep 16 11:21:21 +0000 2024,2,6
159,"[{'display_url': 'beritakanid.com/2024/10/ikn-prâ€¦', 'expanded_url': 'https://www.beritakanid.com/2024/10/ikn-proyek-jokowi-rocky-gerung-bahkan.html', 'url': 'https://t.co/0QOsjjjEHn', 'indices': [79, 102]}]",1512483442600341505,BeritakanID_com,BeritakanID News,1840810315002626084,"IKN Proyek Jokowi? Rocky Gerung: Bahkan JK Tidak Tahu Soal Pemindahan Ibu Kota
https://t.co/0QOsjjjEHn",Mon Sep 30 17:45:54 +0000 2024,1,4
160,[],18129942,tempodotco,tempo.co,1836606881214926868,"Presiden Jokowi blak-blakan soal alasan Keputusan Presiden atau Keppres Pemindahan pemindahan ibu kota belum diteken.

Jokowi berujar, penandatangan itu menunggu kesiapan Ibu Kota Nusantara (IKN). 

#tempodotco #tempo #Jokowi #Keppres #pindah #ibukota #IKN https://t.co/i8Mw5j8IXr",Thu Sep 19 03:22:57 +0000 2024,0,1
161,"[{'display_url': 'rb.gy/4aap03', 'expanded_url': 'https://rb.gy/4aap03', 'url': 'https://t.co/Em2nap85nH', 'indices': [587, 610]}]",55507370,tvOneNews,tvOnenews,1778004920781939031,"Seiring dengan rencana perpindahan ibu kota, sejumlah menteri mulai bersiap untuk pindah ke Ibu Kota Nusantara (IKN). Menteri Pekerjaan Umum dan Perumahan Rakyat (PUPR) Basuki Hadimuljono mengatakan dirinya akan mulai pindah ke Ibu Kota Nusantara (IKN) di Kalimantan pada Juli https://t.co/CZSCzvLSI2",Wed Apr 10 10:19:41 +0000 2024,28,291
162,"[{'display_url': 'tvonenews.com/berita/nasionaâ€¦', 'expanded_url': 'https://www.tvonenews.com/berita/nasional/192193-mengejutkan-status-dki-jakarta-sebagai-ibu-kota-negara-habis-dpr-sejak-15-februari', 'url': 'https://t.co/VOLXvJnFNy', 'indices': [193, 216]}]",1603638553820684289,cobeh2022,Agus Susanto IV,1765141691798114552,"Indonesia Kini
Tidak Punya Ibukota.
.
UU Tentang Ibu Kota Negara (UU IKN)
Yang Diundangkan Sejak 15 Februari 2022.
Status DKI Jakarta 
Sebagai Ibu Kota Negara Habis, 
Sejak 15 Februari 2024.
.
https://t.co/VOLXvJnFNy
.. https://t.co/UZ2EmegwPC",Tue Mar 05 22:25:48 +0000 2024,832,1599
163,"[{'display_url': 'nasional.tempo.co/read/1888972/jâ€¦', 'expanded_url': 'https://nasional.tempo.co/read/1888972/jokowi-tak-mau-paksa-pindahkan-ibu-kota-ke-ikn-bisa-setelah-oktober?utm_source=Twitter&utm_medium=dlvr.it', 'url': 'https://t.co/ftwbnkWv1p', 'indices': [205, 228]}]",1334070788060631040,RagilSemar,ğŸ…±ğŸ…°ğŸ…¶ğŸ…¾ğŸ…½ğŸ…¶ ğ•,1810520991472513459,"Bak krupuk kecemplung kuah bakso.... Auto-mlempem-lembek.

Apakah beliau sudah menyerah ?
Apakah bayangan kota mangkrak sudah di depan mata?

Nanti bakal disebut apa?
Candi Nusantara? Atau Candi Widodo? 

https://t.co/ftwbnkWv1p",Tue Jul 09 03:46:56 +0000 2024,109,353
164,"[{'display_url': 'beritakanid.com/2024/09/jokowiâ€¦', 'expanded_url': 'https://www.beritakanid.com/2024/09/jokowi-lempar-bola-ke-prabowo-soal.html', 'url': 'https://t.co/6oswYDHJaT', 'indices': [93, 116]}]",1512483442600341505,BeritakanID_com,BeritakanID News,1836373182682464385,"Jokowi Lempar Bola ke Prabowo Soal Penandatanganan Keppres Pemindahan Ibu Kota Negara ke IKN
https://t.co/6oswYDHJaT",Wed Sep 18 11:54:19 +0000 2024,1,4
165,"[{'display_url': 'sinpo.id/detail/80999/jâ€¦', 'expanded_url': 'https://sinpo.id/detail/80999/jokowi-tegaskan-pentingnya-kesiapan-total-untuk-pemindahan-ibu-kota', 'url': 'https://t.co/JFVaBf6xMP', 'indices': [78, 101]}]",1012174601055449088,sinpotv,SIN PO TV,1836611813175382450,"Jokowi Tegaskan Pentingnya Kesiapan Total untuk Pemindahan Ibu Kota 
@jokowi

https://t.co/JFVaBf6xMP 
#jokowidodo #ibukotanegara #kepalanegara https://t.co/U8n1bHVmbf",Thu Sep 19 03:42:33 +0000 2024,0,0
166,[],882506640410521600,JackVardan,Jax,1839176180991406278,"@KardusImajinasi Pemindahan ibu kota, bukan setuju Ibu Kota yang sekarang. Makanya ada narasi lanjutannya.

Dasarnya adalah pemerataan wilayah.",Thu Sep 26 05:32:26 +0000 2024,0,2
167,"[{'display_url': 'nasional.tempo.co/read/1921443/jâ€¦', 'expanded_url': 'https://nasional.tempo.co/read/1921443/jokowi-berkali-kali-sebut-ide-pemindahan-ibu-kota-negara-dari-jakarta-digagas-sejak-era-sukarno', 'url': 'https://t.co/JW8IasuRuY', 'indices': [166, 189]}]",1754796187893514240,agungtriat53466,agung triatmodjo,1839603891190788420,Apapun alasannya duit tujuan nya .....maklum proyek akhir jabatan.....Jokowi Berkali-kali Sebut Ide Pemindahan Ibu Kota Negara dari Jakarta Digagas Sejak Era Sukarno https://t.co/JW8IasuRuY,Fri Sep 27 09:52:00 +0000 2024,0,0
168,[],1603395275808194561,Ganendra73,-*G*-,1836233992313717080,"Pengamat politik internasional menilai pemindahan Ibu Kota Indonesia ke Nusantara sebagai langkah brilian untuk masa depan Indonesia yang lebih maju.

#TerimaKasihJokowi https://t.co/Mh35HUDAZo",Wed Sep 18 02:41:14 +0000 2024,1,2
169,"[{'display_url': 'beritairn.com/penandatanganaâ€¦', 'expanded_url': 'https://beritairn.com/penandatanganan-keppres-pemindahan-ibu-kota-presiden-ikn-nusantara-harus-semuanya-sudah-siap/', 'url': 'https://t.co/XYs8qazhGQ', 'indices': [95, 118]}]",1060418982061080576,beritairn1,beritairn,1836624215895871768,"Penandatanganan Keppres Pemindahan Ibu Kota, Presiden: IKN Nusantara Harus Semuanya Sudah Siap https://t.co/XYs8qazhGQ via @BeritaIrn https://t.co/4rThnSOGmv",Thu Sep 19 04:31:50 +0000 2024,0,3
170,[],756101687245361152,CenPolo,Cen Polo,1827622796224074083,"@ohtweet Ibu kota kekalkan saja di KL. Sebab pusat pentadbiran persekutuan memang dah diubah ke Putrajaya. Kalau nak ubah pun HQ syarikatÂ² besar di KL. Ubah ke lokasi atau negeri berhampiran. 

Sekadar mencadang.",Sun Aug 25 08:23:24 +0000 2024,40,459
171,"[{'display_url': 'hulondalo.id/news/964136141â€¦', 'expanded_url': 'https://www.hulondalo.id/news/96413614160/tidak-tiba-tiba-ternyata-proses-pemindahan-ibu-kota-negara-indonesia-sudah-ada-sejak-presiden-soekarno', 'url': 'https://t.co/Ld9hcgWmpH', 'indices': [104, 127]}]",1063095962246111232,Hulondaloid,hulondalo.id,1839177463777333561,"Tidak Tiba-Tiba, Ternyata Proses Pemindahan Ibu Kota Negara Indonesia Sudah Ada Sejak Presiden Soekarno
https://t.co/Ld9hcgWmpH",Thu Sep 26 05:37:32 +0000 2024,0,0
172,"[{'display_url': 'kumparan.com/kumparanbisnisâ€¦', 'expanded_url': 'https://kumparan.com/kumparanbisnis/jokowi-soal-keppres-pemindahan-ibu-kota-ke-ikn-bisa-saja-di-zaman-prabowo-23XzmwPzJaL?utm_source=Twitter&utm_medium=post&utm_campaign=int', 'url': 'https://t.co/vA44h0rmtp', 'indices': [178, 201]}]",759692754985242625,kumparan,kumparan,1836260750178029962,Presiden Joko Widodo (Jokowi) mengungkapkan alasan mengapa dirinya belum mengeluarkan Keputusan Presiden (Keppres) pemindahan ibu kota ke IKN. #binisupdate #bisnis #update #text https://t.co/vA44h0rmtp,Wed Sep 18 04:27:33 +0000 2024,0,1
173,"[{'display_url': 'ift.tt/0VqdxpA', 'expanded_url': 'https://ift.tt/0VqdxpA', 'url': 'https://t.co/kTvDvny5FF', 'indices': [102, 125]}]",1613814837985050624,MimbarAndalas_,Mimbar Andalas,1836308710638956778,"Belum Tandatangani Keppres Pemindahan Ibu Kota, Presiden Jokowi Tunggu Kesiapan Infrastruktur di IKN 
https://t.co/kTvDvny5FF",Wed Sep 18 07:38:08 +0000 2024,0,0
174,"[{'display_url': 'nawabineka.com/jokowi-masih-tâ€¦', 'expanded_url': 'https://nawabineka.com/jokowi-masih-tunggu-kesiapan-ikn-sebelum-teken-keppres-pindah-ibu-kota/', 'url': 'https://t.co/eaRmw1Qkoa', 'indices': [198, 221]}]",1762043186598604800,nawabinekanews,NawaBineka,1836621320387465326,"Presiden Jokowi mengatakan, untuk pengesahan Keputusan Presiden (Keppres) tentang Pemindahan Ibu Kota dari Jakarta ke Nusantara, perlu memperhatikan kesiapan secara serius, sebelum ditandatangani.

https://t.co/eaRmw1Qkoa",Thu Sep 19 04:20:20 +0000 2024,0,0
175,"[{'display_url': 'video.tempo.co/read/39411/iniâ€¦', 'expanded_url': 'https://video.tempo.co/read/39411/ini-alasan-jokowi-belum-teken-keppres-pemindahan-ibu-kota?utm_source=Twitter&utm_medium=dlvr.it', 'url': 'https://t.co/goj8A2surH', 'indices': [58, 81]}]",18129942,tempodotco,tempo.co,1836299403369578918,Ini Alasan Jokowi Belum Teken Keppres Pemindahan Ibu Kota https://t.co/goj8A2surH #TempoVideo,Wed Sep 18 07:01:09 +0000 2024,0,1
176,[],1629530059265703938,Srik4ndiMuslim2,SrikandiMuslim2,1800442701609140500,"Ulama dan tokoh masyarakat menolak Ibukota Komunis Nusantara. 

Cakeeeeeppp. .

Deklarasi Bersama Advokat, Ulama, dan Tokoh Nasional: ""Batalkan Proyek IKN, Pertahankan Jakarta sebagai IbuKota Negara Republik Indonesia""

#IKNProyekGagalTotal 
#IKNProyekGagalTotal https://t.co/SckOiuqv70",Tue Jun 11 08:19:25 +0000 2024,246,490
177,"[{'display_url': 'gelora.co/2024/09/jokowiâ€¦', 'expanded_url': 'https://www.gelora.co/2024/09/jokowi-bilang-pemindahan-ibu-kota-ke.html', 'url': 'https://t.co/aOA3ONjFuT', 'indices': [98, 121]}]",959859070575394816,Ponorogo_Berkah,Share berita Ponorogo Jatim,1839150916924211307,"Jokowi Bilang Pemindahan Ibu Kota ke IKN Keputusan Rakyat Indonesia, Warganet: Rakyat yang Mana - https://t.co/aOA3ONjFuT",Thu Sep 26 03:52:03 +0000 2024,0,0
178,"[{'display_url': 'iknpos.id/2024/09/pemindâ€¦', 'expanded_url': 'https://iknpos.id/2024/09/pemindahan-ibu-kota-tunggu-keppres-pupr-pastikan-infrastruktur-di-ikn-siap/', 'url': 'https://t.co/GtRrhlMNaS', 'indices': [77, 100]}]",1798999878665973760,iknpos_id,IKNPOS.ID,1838187300267934191,"Pemindahan Ibu Kota Tunggu Keppres, PUPR Pastikan Infrastruktur di IKN Siap

https://t.co/GtRrhlMNaS

#ikn 
#ibukotanusantara 
#iknnusantara 
#indonesiaemas2045 
#dukungpembangunanikn 
#iknmajukanindonesia 
#iknkotakelasdunia 
#investorikn 
#ibukotanegara 
#indonesiamaju https://t.co/S6KzK1O26e",Mon Sep 23 12:02:58 +0000 2024,0,0
179,"[{'display_url': 'bisnis.tempo.co/read/1902841/kâ€¦', 'expanded_url': 'https://bisnis.tempo.co/read/1902841/keppres-ibu-kota-ke-ikn-belum-jelas-pemindahan-asn-tetap-mulai-oktober?utm_source=Twitter&utm_medium=dlvr.it', 'url': 'https://t.co/4gIGdL34Jh', 'indices': [73, 96]}]",18129942,tempodotco,tempo.co,1822891662764589481,"Keppres Ibu Kota ke IKN Belum Jelas, Pemindahan ASN Tetap Mulai Oktober? https://t.co/4gIGdL34Jh #TempoBisnis",Mon Aug 12 07:03:34 +0000 2024,0,1
180,[],18129942,tempodotco,tempo.co,1838875417622822991,"Jokowi menjelaskan ulang ide pemindahan Ibu Kota Negara sudah muncul di era Presiden Soekarno. Namun setelah dilantik pada 2014, ia secara khusus meminta Bappenas untuk melihat lagi gagasan ini.",Wed Sep 25 09:37:18 +0000 2024,0,8
181,"[{'display_url': 'gelora.co/2024/09/jokowiâ€¦', 'expanded_url': 'https://www.gelora.co/2024/09/jokowi-lempar-bola-ke-prabowo-soal.html', 'url': 'https://t.co/sed3Loj7A6', 'indices': [94, 117]}]",3319260420,geloraco,GELORA NEWS,1836304838881349999,Jokowi Lempar Bola ke Prabowo Soal Penandatanganan Keppres Pemindahan Ibu Kota Negara ke IKN  https://t.co/sed3Loj7A6,Wed Sep 18 07:22:45 +0000 2024,1,0
182,"[{'display_url': 'nasional.tempo.co/read/1894421/mâ€¦', 'expanded_url': 'https://nasional.tempo.co/read/1894421/moeldoko-minta-pratikno-rampungkan-keppres-pemindahan-ibu-kota-agar-prabowo-gibran-bisa-dilantik-di-ikn?utm_source=Twitter&utm_medium=dlvr.it', 'url': 'https://t.co/e3wtGZivVC', 'indices': [105, 128]}]",18129942,tempodotco,tempo.co,1815311853792473244,Moeldoko Minta Pratikno Rampungkan Keppres Pemindahan Ibu Kota: Agar Prabowo-Gibran Bisa Dilantik di IKN https://t.co/e3wtGZivVC #TempoNasional,Mon Jul 22 09:04:07 +0000 2024,0,1
183,"[{'display_url': 'finance.detik.com/infrastruktur/â€¦', 'expanded_url': 'https://finance.detik.com/infrastruktur/d-7539702/pemindahan-asn-ke-ikn-tunggu-perintah-jokowi?utm_term=echoboxauto&utm_campaign=detikcomsocmed&utm_medium=oa&utm_content=detikfinance&utm_source=Twitter#Echobox=1726228274', 'url': 'https://t.co/Qx3r2zeoa2', 'indices': [144, 167]}]",135795460,detikfinance,DetikFinance,1834561118691373557,"Kementerian PANRB siapkan skenario pemindahan ASN ke Ibu Kota Nusantara. Menunggu arahan Jokowi, 560 unit hunian siap dengan sistem smart home. https://t.co/Qx3r2zeoa2",Fri Sep 13 11:53:49 +0000 2024,0,0
184,"[{'display_url': 'bisnis.tempo.co/read/1902717/pâ€¦', 'expanded_url': 'https://bisnis.tempo.co/read/1902717/prabowo-sebut-pemindahan-ibu-kota-ke-ikn-paling-cepat-3-tahun-lagi-jokowi-pindah-rumah-saja-ribet?utm_source=Twitter&utm_medium=dlvr.it', 'url': 'https://t.co/3yKcB6rKWo', 'indices': [100, 123]}]",18129942,tempodotco,tempo.co,1822827366873440504,"Prabowo Sebut Pemindahan Ibu Kota ke IKN Paling Cepat 3 Tahun Lagi, Jokowi: Pindah Rumah Saja Ribet https://t.co/3yKcB6rKWo #TempoBisnis",Mon Aug 12 02:48:05 +0000 2024,0,1
185,"[{'display_url': 'nawacita.co/index.php/2024â€¦', 'expanded_url': 'https://nawacita.co/index.php/2024/09/18/presiden-jokowi-tegaskan-pentingnya-kesiapan-total-untuk-pemindahan-ibu-kota-negara/', 'url': 'https://t.co/EKFzQqVj70', 'indices': [84, 107]}]",731393598797701125,NAWACIT4,nawacita,1836316672296108237,Presiden Jokowi Tegaskan Pentingnya Kesiapan Total untuk Pemindahan Ibu Kota Negara https://t.co/EKFzQqVj70 via @nawacit4,Wed Sep 18 08:09:46 +0000 2024,0,0
186,[],1258012718788784130,A1ki4_ku5_21,Ku5_21 ğŸ©¶ğŸ’,1839933105710547427,"Katanya udah jd, knp batal pindah...katanya udah banyak investor masuk tp kok mangkrak...
Pdhl UU yg disah'in oleh @DPR_RI  dikebut sehari semalem dan Jokowi mendatangani pemindahan ibu kota.
Skrg mau cuci tgn atas kegagalannya kepada Rakyat..
Rakyat yg mana ?? 58% ?? ğŸ¤£",Sat Sep 28 07:40:11 +0000 2024,3,5
187,"[{'display_url': 'bisnis.tempo.co/read/1917626/jâ€¦', 'expanded_url': 'https://bisnis.tempo.co/read/1917626/jokowi-tunggu-kesiapan-ikn-sebelum-tekken-keppres-pemindahan-ibu-kota-ini-bukan-pindahan-rumah?utm_source=Twitter&utm_medium=dlvr.it', 'url': 'https://t.co/RF8IfvR4Ql', 'indices': [96, 119]}]",18129942,tempodotco,tempo.co,1836276994134442351,Jokowi Tunggu Kesiapan IKN sebelum Tekken Keppres Pemindahan Ibu Kota: Ini Bukan Pindahan Rumah https://t.co/RF8IfvR4Ql #TempoBisnis,Wed Sep 18 05:32:06 +0000 2024,0,0
188,"[{'display_url': 'bisnis.tempo.co/read/1917713/bâ€¦', 'expanded_url': 'https://bisnis.tempo.co/read/1917713/basuki-hadimuljono-soal-keppres-pemindahan-ibu-kota-yang-belum-diteken-jokowi-tanya-beliau?utm_source=Twitter&utm_medium=dlvr.it', 'url': 'https://t.co/C7Bp8RHcKg', 'indices': [92, 115]}]",18129942,tempodotco,tempo.co,1836330133407568079,Basuki Hadimuljono Soal Keppres Pemindahan Ibu Kota yang Belum Diteken Jokowi: Tanya Beliau https://t.co/C7Bp8RHcKg #TempoBisnis,Wed Sep 18 09:03:15 +0000 2024,0,1
189,"[{'display_url': 'nasional.tempo.co/read/1896095/kâ€¦', 'expanded_url': 'https://nasional.tempo.co/read/1896095/kata-komisi-ii-dpr-soal-belum-terbitnya-keppres-pemindahan-ibu-kota-ke-ikn?utm_source=Twitter&utm_medium=dlvr.it', 'url': 'https://t.co/Dbpt1D6lUn', 'indices': [75, 98]}]",18129942,tempodotco,tempo.co,1816728182042820784,Kata Komisi II DPR Soal Belum Terbitnya Keppres Pemindahan Ibu Kota ke IKN https://t.co/Dbpt1D6lUn #TempoNasional,Fri Jul 26 06:52:06 +0000 2024,0,0
190,"[{'display_url': 'aceh.tribunnews.com/2024/09/27/pakâ€¦', 'expanded_url': 'https://aceh.tribunnews.com/2024/09/27/pakar-sebut-proyek-ikn-pemerintahan-jokowi-hanya-untuk-kepentingan-elite-ungkap-sederet-buktinya', 'url': 'https://t.co/py84FEpp7y', 'indices': [196, 219]}]",64635651,serambinews,Serambi Indonesia,1839519038558638149,"Achmad Nur Hidayat yang menjabarkan sejumlah bukti IKN bukanlah aspirasi rakyat.
Terdapat banyak bukti yang menunjukkan kebijakan pemindahan ibu kota negara lebih merupakan kehendak elite politik
https://t.co/py84FEpp7y",Fri Sep 27 04:14:50 +0000 2024,0,0
191,"[{'display_url': 'nasional.tempo.co/read/1898602/pâ€¦', 'expanded_url': 'https://nasional.tempo.co/read/1898602/pelantikan-prabowo-jadi-pertimbangan-jokowi-belum-teken-keppres-pemindahan-ibu-kota?utm_source=Twitter&utm_medium=dlvr.it', 'url': 'https://t.co/CL5gHHixY9', 'indices': [84, 107]}]",18129942,tempodotco,tempo.co,1818965189943001469,Pelantikan Prabowo Jadi Pertimbangan Jokowi Belum Teken Keppres Pemindahan Ibu Kota https://t.co/CL5gHHixY9 #TempoNasional,Thu Aug 01 11:01:10 +0000 2024,0,1
192,"[{'display_url': 'haloindonesia.co.id/presiden-jokowâ€¦', 'expanded_url': 'https://www.haloindonesia.co.id/presiden-jokowi-tegaskan-pentingnya-kesiapan-total-untuk-pemindahan-ibu-kota-negara/', 'url': 'https://t.co/9eAVo7wy5t', 'indices': [85, 108]}]",917728330094280711,haloindonesia88,Majalah Halo Indonesia,1836319889067221182,"Presiden Jokowi Tegaskan Pentingnya Kesiapan Total untuk Pemindahan Ibu Kota Negara

https://t.co/9eAVo7wy5t",Wed Sep 18 08:22:33 +0000 2024,0,0
193,"[{'display_url': 'google.com/amp/s/nasionalâ€¦', 'expanded_url': 'https://www.google.com/amp/s/nasional.tempo.co/amp/1803048/satu-satunya-partai-yang-menolak-pemindakan-ibu-kota-ke-ikn-ini-alasan-pks/', 'url': 'https://t.co/sEI16Pa3Pr', 'indices': [270, 293]}]",960248512108576768,ebonXboy,ebonX ï£¿,1839985478877184199,"@manuk_akal50 @BebySoSweet ada 3 alasan menolak pemindahan ibu kota ke IKN

- Jakarta tempat bersejarah yang mewarisi nilai historis bangsa

- pemerataan pembangunan bukan diukur dari pemindahan ibu kota ke IKN

- Kalimantan merupakan paru-paru dunia yang perlu dirawat https://t.co/sEI16Pa3Pr",Sat Sep 28 11:08:18 +0000 2024,0,2
194,"[{'display_url': 'news.indozone.id/news/915102668â€¦', 'expanded_url': 'https://news.indozone.id/news/915102668/presiden-jokowi-tegaskan-kesiapan-ikn-sebelum-penandatanganan-keppres-pemindahan-ibu-kota', 'url': 'https://t.co/FkLSq17n3V', 'indices': [181, 204]}]",350668803,indozonemedia,Indozone Media,1836409519729221737,"Presiden Joko Widodo (Jokowi) menekankan pentingnya kesiapan yang matang sebelum menandatangani Keputusan Presiden (Keppres) tentang Pemindahan Ibu Kota dari Jakarta ke Nusantara. 
https://t.co/FkLSq17n3V",Wed Sep 18 14:18:42 +0000 2024,0,0
195,[],1729319495083417600,gemsofbabus_,Gems,1792927200582267047,"On January 18, 2022, Indonesia passed a bill to move its capital from Jakarta to East Kalimantan, situated in the east of Borneo island about 2,000 kilometers away. https://t.co/wS8K9VHyi9",Tue May 21 14:35:30 +0000 2024,13,256
196,"[{'display_url': 'bisnis.tempo.co/read/1917626/jâ€¦', 'expanded_url': 'https://bisnis.tempo.co/read/1917626/jokowi-tunggu-kesiapan-ikn-sebelum-teken-keppres-pemindahan-ibu-kota-ini-bukan-pindahan-rumah?utm_source=Twitter&utm_medium=dlvr.it', 'url': 'https://t.co/xoURB3gEFc', 'indices': [95, 118]}]",18129942,tempodotco,tempo.co,1836278122876145816,Jokowi Tunggu Kesiapan IKN sebelum Teken Keppres Pemindahan Ibu Kota: Ini Bukan Pindahan Rumah https://t.co/xoURB3gEFc #TempoBisnis,Wed Sep 18 05:36:35 +0000 2024,0,1
197,[],1003546165105704962,DedynurPalakka,Dedy Nur,1780531089536397786,"Kemarin ada yang bertanya apa prestasi terbesar dari @jokowi , saya jawab dengan santai bahwa beliau adalah Bapak Ibu Kota Nusantara. 

Anda mungkin tidak terima, tapi ide pindahnya Ibu Kota Nusantara sudah ada sejak zaman Sukarno, tapi yang  mengambil langkah besar dan berani https://t.co/OInks658XR",Wed Apr 17 09:37:47 +0000 2024,33,256
198,"[{'display_url': 'wartaekonomi.co.id/read538808/praâ€¦', 'expanded_url': 'https://wartaekonomi.co.id/read538808/prabowo-tidak-mau-pindah-ibu-kota-dari-jakarta-ke-ikn', 'url': 'https://t.co/kup5GaG1D8', 'indices': [75, 98]}]",2431850658,tawajkt,ğŸ‡®ğŸ‡©TAWAğŸ‡¯ğŸ‡´,1810852123640483943,"Bakal mangkrak nih!

Prabowo Tidak Mau Pindah Ibu Kota dari Jakarta ke IKN https://t.co/kup5GaG1D8",Wed Jul 10 01:42:44 +0000 2024,196,678
199,"[{'display_url': 'm.bisnis.com/amp/read/20240â€¦', 'expanded_url': 'https://m.bisnis.com/amp/read/20240306/77/1747156/mulai-15-februari-jakarta-kehilangan-status-ibu-kota-ini-penjelasannya', 'url': 'https://t.co/S45cZPl0DM', 'indices': [257, 280]}]",1613800352645804033,ekokuntadhi1,Eko Kuntadhi,1765635340738687353,"Tanggal 15 Februari 2024, Jakarta kehilangan status sebagai Ibukota. 

Sementara Ibukota baru di Kaltim Perpresnya belum ditandatangi.

Jadi sekarang Indonesia tanpa ibikota? Biasa aja kale. 

Tanpa Ibukota atau tanpa ibu negara. Emang masalahnya dimana? 

https://t.co/S45cZPl0DM",Thu Mar 07 07:07:23 +0000 2024,37,303
200,[],1125343375803109377,IwanPangka,Pangka & Syndicate,1839559587227369727,"Ide dan gagasan Soekarno tidak semua bisa diwujudkan spt halnya pemindahan ibu kota negara. Dan lagi pula seandainya terjadi, Soekarno tidak akan mengajak kelompok oligarki dan apalagi merampas tanah rakyat dgn harga sebesar 2 linting rokok per M2. 
@msaid_didu",Fri Sep 27 06:55:57 +0000 2024,0,4
201,"[{'display_url': 'news.detik.com/berita/d-72482â€¦', 'expanded_url': 'https://news.detik.com/berita/d-7248235/muncul-usulan-baru-jakarta-jadi-ibu-kota-legislatif-pemerintah-menolak', 'url': 'https://t.co/dELV1AET97', 'indices': [112, 135]}]",1270980383761330176,Tan_Mar3M,Comic3M,1769740850135753010,"Ribut amat soal ibukota..
Daripada ribut mending ibu kota kembalikan ke tangan ibu pertiwi, yaitu BUKITTINGGI ğŸ˜„ https://t.co/dELV1AET97",Mon Mar 18 15:01:13 +0000 2024,103,397
202,"[{'display_url': 'nasional.tempo.co/read/1921443/jâ€¦', 'expanded_url': 'https://nasional.tempo.co/read/1921443/jokowi-berkali-kali-sebut-ide-pemindahan-ibu-kota-negara-dari-jakarta-digagas-sejak-era-sukarno', 'url': 'https://t.co/zkwHRWu1ri', 'indices': [22, 45]}]",18129942,tempodotco,tempo.co,1839575864385945692,"Selengkapnya di siniğŸ‘‡
https://t.co/zkwHRWu1ri",Fri Sep 27 08:00:38 +0000 2024,0,2
203,"[{'display_url': 'news.detik.com/berita/d-75575â€¦', 'expanded_url': 'https://news.detik.com/berita/d-7557596/jokowi-minta-pindah-ke-ikn-bukan-cuma-fisik-tapi-juga-mindset-cara-kerja?utm_campaign=detikcomsocmed&utm_medium=oa&utm_source=twitter&utm_content=detikcom', 'url': 'https://t.co/Xg5Py0n9fK', 'indices': [138, 161]}]",69183155,detikcom,detikcom,1838886161021813176,"Presiden Jokowi menginginkan pemindahan ibu kota ke IKN bukan hanya pindah secara fisik saja, tapi juga pindah pola pikir dan cara kerja. https://t.co/Xg5Py0n9fK",Wed Sep 25 10:20:00 +0000 2024,0,0
204,[],1825423631763288064,KoplakOtak56466,Otak Koplak,1839457702092968405,"@AndiSinulingga Menurut UU DKJ, selama belum ada UU perpindahan ibukota, Jakarta tetap Ibukota. Dengan gagalnya IKN, jabodetabek tangsel nggk dipegang sama samsul. Nggk kebayang kalau dipegang samsul.",Fri Sep 27 00:11:06 +0000 2024,11,266
205,"[{'display_url': 'dlvr.it/TDMpP9', 'expanded_url': 'http://dlvr.it/TDMpP9', 'url': 'https://t.co/GQIVGQJUr9', 'indices': [74, 97]}]",71436318,KompasTV,KOMPAS TV,1836278124373512371,Jawab Jokowi soal Kapan Keppres Pemindahan Ibu Kota ke IKN Ditandatangani https://t.co/GQIVGQJUr9,Wed Sep 18 05:36:35 +0000 2024,0,0
206,[],24893875,ferrykoto,Ferry Koto,1839827224251511091,"@msaid_didu @aniesbaswedan 3. Pak Said, sdh baca pasal 4 ayat (2) soal Kepres pemindahan Ibu Kota, jgn berhenti. Lanjutkan baca pasal2 berikutnya, pun lampirannya.

Baca pasal 7 soal rencana Induk IKN. Kemudian baca lampiran 2 soal tahapan. Nanti ketemu kapan Kepres pemindahan harus dikeluarkan. ğŸ¤£ğŸ¤£",Sat Sep 28 00:39:27 +0000 2024,1,12
207,"[{'display_url': 'nasional.kompas.com/read/2024/09/2â€¦', 'expanded_url': 'https://nasional.kompas.com/read/2024/09/27/18134931/jokowi-klaim-ikn-keputusan-rakyat-pks-tak-sesuai-fakta', 'url': 'https://t.co/06ypTrSzab', 'indices': [215, 238]}]",23343960,kompascom,Kompas.com,1839691432300519497,"Wakil Ketua MPR RI yang juga Wakil Ketua Majelis Syuro PKS Hidayat Nur Wahid menilai pernyataan Presiden Jokowi soal pemindahan ibu kota negara adalah keputusan seluruh rakyat tidak tepat. 

&lt; #Jokowi #IKN #PKS

https://t.co/06ypTrSzab",Fri Sep 27 15:39:51 +0000 2024,0,0
208,"[{'display_url': 'dlvr.it/TDqh5Z', 'expanded_url': 'http://dlvr.it/TDqh5Z', 'url': 'https://t.co/3v5eF585TT', 'indices': [218, 241]}]",55507370,tvOneNews,tvOnenews,1840694412466385191,Jokowi Frustasi soal IKN? Jakarta Masih Ibu Kota RI sampai Ada Keppres Pemindahan ke IKN: Presiden RI Joko Widodo (Jokowi) menandatangani pengesahan Undang-Undang (UU) Nomor 2 Tahun 2024 tentang Daerah Khusus Jakarta. https://t.co/3v5eF585TT https://t.co/jILLfps1xL,Mon Sep 30 10:05:21 +0000 2024,0,0
209,[],1183300525850152961,Gembloenk69,Fiq | ğŸ³ï¸â€ğŸŒˆ Stand with ğŸ‡µğŸ‡¸,1826462339593634307,"@anonjawa Sejarah Dunia

""Pada tahun 2024 Ibu kota negara Republik Indonesia dipindahkan dari Jakarta ke Ibu Kota Nusantara di Kalimantan Timur akibat penyebaran bau ketek Erina""",Thu Aug 22 03:32:10 +0000 2024,14,255
210,"[{'display_url': 'mediaindonesia.com/politik-dan-huâ€¦', 'expanded_url': 'https://mediaindonesia.com/politik-dan-hukum/702020/presiden-penandatanganan-keppres-pemindahan-ibu-kota-negara-nusantara-harus-betul-betul-telah-siap', 'url': 'https://t.co/7mKRamIaBs', 'indices': [193, 216]}]",68930552,mediaindonesia,Media Indonesia,1836281652877889899,"PRESIDEN RI Joko Widodo (Jokowi) mengatakan untuk terbitnya Keppres  pemindahan ibu kota negara ke Nusantara dari Jakarta, perlu  memperhatikan kesiapan secara serius, sebelum ditandatangani.

https://t.co/7mKRamIaBs",Wed Sep 18 05:50:37 +0000 2024,0,0
211,[],3972378495,SavoirDuMonde,Savoir du Monde ğŸŒ,1760016479418777659,"A cause des inondations liÃ©es au rÃ©chauffement climatique, lâ€™IndonÃ©sie va dÃ©placer sa capitale Jakarta dans la ville de Nusantara en 2024 pour un coÃ»t de 33 milliards de dollars. https://t.co/b84GnKF336",Tue Feb 20 19:00:02 +0000 2024,58,439
212,[],23051515,magnifician,magic sauce,1764641221191049499,"@palingteguh @sociotalker Bukan pindah ibukotanya yg salah, tapi caranya. Terlalu dipaksakan padahal ada pandemi dan dampak ekonomi yang harus diperbaiki

Ibarat ada bapak yg mentingin nyicil mobil listriknya biar terlihat peduli lingkungan, padahal gaji UMR dan punya anak istri yang harus dinafkahi",Mon Mar 04 13:17:07 +0000 2024,78,705
213,"[{'display_url': 'nusantarainfo.com/aktivitas-pemeâ€¦', 'expanded_url': 'https://nusantarainfo.com/aktivitas-pemerintahan/penandatanganan-keppres-pemindahan-ibu-kota-presiden-jokowi-ikn-nusantara-harus-semuanya-sudah-siap/', 'url': 'https://t.co/LsH5NoAnmg', 'indices': [102, 125]}]",1826579317469708288,nusinfo_id,Nusinfo.id,1836393225009209569,"Penandatanganan Keppres Pemindahan Ibu Kota, Presiden Jokowi: IKN Nusantara Harus Semuanya Sudah Siap https://t.co/LsH5NoAnmg
#nusinfo #NewsUpdate #ikn #PresidenJokowi #jokowi",Wed Sep 18 13:13:58 +0000 2024,0,0
214,[],1243580273889095681,TarotYouuuu,Tarot to youuuu,1826278116127539599,à¸¡à¸¶à¸‡ à¸­à¸´à¸™à¹‚à¸”à¸™à¸µà¹€à¸‹à¸µà¸¢à¹€à¸‚à¸²à¸›à¸£à¸°à¸à¸²à¸¨à¸¢à¹‰à¸²à¸¢à¹€à¸¡à¸·à¸­à¸‡à¸«à¸¥à¸§à¸‡à¹à¸¥à¹‰à¸§à¸™à¸° à¹„à¸›à¹€à¸¡à¸·à¸­à¸‡à¹ƒà¸«à¸¡à¹ˆà¸—à¸µà¹ˆà¸Šà¸·à¹ˆà¸­à¸™à¸¹à¸‹à¸±à¸™à¸•à¸²à¸£à¸² à¹€à¸à¸£à¸²à¸°à¸•à¸­à¸™à¸™à¸µà¹‰à¹€à¸¡à¸·à¸­à¸‡à¸ˆà¸²à¸à¸²à¸£à¹Œà¸•à¸²à¹à¸­à¸­à¸±à¸” à¸à¸·à¹‰à¸™à¸”à¸´à¸™à¸—à¸£à¸¸à¸”à¸•à¸±à¸§ à¸­à¸¢à¸¹à¹ˆà¹„à¸¡à¹ˆà¹„à¸”à¹‰à¹à¸¥à¹‰à¸§à¸ˆà¸£à¸´à¸‡à¹† à¸ˆà¸°à¸¢à¹‰à¸²à¸¢à¹€à¸¡à¸·à¸­à¸‡à¸«à¸¥à¸§à¸‡à¹€à¸ªà¸£à¹‡à¸ˆà¸ªà¸¡à¸šà¸¹à¸£à¸“à¹Œà¹ƒà¸™à¸›à¸µ 2035 à¸„à¸£à¸±à¸š à¸™à¹ˆà¸²à¹„à¸›à¹€à¸—à¸µà¹ˆà¸¢à¸§à¸ˆà¸£à¸´à¸‡à¹†!!!!! https://t.co/1YhKAoIR3d,Wed Aug 21 15:20:08 +0000 2024,18130,10262
215,"[{'display_url': 'indopolitika.com/keppres-pemindâ€¦', 'expanded_url': 'https://indopolitika.com/keppres-pemindahan-ibu-kota-bisa-saja-ditandatangani-prabowo-subianto/', 'url': 'https://t.co/NSF1fnMqdr', 'indices': [72, 95]}]",1645980546,Indopolitika,Indopolitika.com,1837036584753037548,Keppres Pemindahan Ibu Kota Bisa SajaÂ Ditandatangani Prabowo Subianto Â  https://t.co/NSF1fnMqdr via @Indopolitika,Fri Sep 20 07:50:26 +0000 2024,0,0
216,[],1419466702333517824,NusBhisma,Bhisma Nusantara ğŸ‡®ğŸ‡©,1839292578728128858,"Aduh kok tibaÂ² begini sih pak?
Padahal saya sudah dukung pemindahan ibu kota Jakarta ke IK N 1000%",Thu Sep 26 13:14:57 +0000 2024,0,1
217,[],57261519,Metro_TV,METRO TV,1836659355405684829,4. Presiden Joko Widodo Menyebut Keputusan Presiden Terkait Pemindahan Ibu Kota Negara Ke Ibu Kota Nusantara Masih Menanti Kesiapan Ekosistem Di Ibu Kota Nusantara. Keputusan Presiden Terkait Dengan Pemindahan Ibu Kota Pun Bisa Ditandatangani Prabowo Subianto Setelah Dilantik,Thu Sep 19 06:51:28 +0000 2024,0,2
218,"[{'display_url': 'ift.tt/B3dSglp', 'expanded_url': 'https://ift.tt/B3dSglp', 'url': 'https://t.co/Uepf4XqaJ4', 'indices': [103, 126]}]",729309555486642176,TajukNasional,Tajuk Nasional,1836295576213700773,"Belum Tandatangani Keppres Pemindahan Ibu Kota, Presiden Jokowi Tunggu Kesiapan Infrastruktur di IKN 

https://t.co/Uepf4XqaJ4",Wed Sep 18 06:45:56 +0000 2024,0,0
219,"[{'display_url': 'bisnis.tempo.co/read/1917626/jâ€¦', 'expanded_url': 'https://bisnis.tempo.co/read/1917626/jokowi-tunggu-kesiapan-ikn-sebelum-teken-keppres-pemindahan-ibu-kota-ini-bukan-pindahan-rumah', 'url': 'https://t.co/w4y8vlwML0', 'indices': [22, 45]}]",18129942,tempodotco,tempo.co,1836606893760090434,"Selengkpanya di siniğŸ‘‡
https://t.co/w4y8vlwML0",Thu Sep 19 03:23:00 +0000 2024,0,0
220,"[{'display_url': 'baca.komp.as/TDMzVP', 'expanded_url': 'http://baca.komp.as/TDMzVP', 'url': 'https://t.co/XrKfBBVTji', 'indices': [121, 144]}]",771030588,KompasData,Kompas Data,1836307187771281631,"Presiden Jokowi menanti ekosistem di Ibu Kota Nusantara terbentuk. Tanpa itu, pemindahan ibu kota negara belum dilakukan https://t.co/XrKfBBVTji #Polhuk #AdadiKompas",Wed Sep 18 07:32:05 +0000 2024,0,0
221,"[{'display_url': 'nasional.tempo.co/read/1885132/pâ€¦', 'expanded_url': 'https://nasional.tempo.co/read/1885132/prabowo-akan-dilantik-sebagai-presiden-di-senayan-bukan-ikn', 'url': 'https://t.co/r0nNaKP4GE', 'indices': [257, 280]}]",86012022,hnurwahid,Hidayat Nur Wahid,1806925966754881588,"â€œPrabowo Akan Dilantik Sebagai Presiden di Senayan/Jakarta, Bukan IKNâ€, kata Sekjend Gerindra,A Muzani. Itu sesuai ketentuan UUDNRI 1945 psl 3 ayat 2 dan psl 2 ayat 2. Karena belum ada Kepres yang pindahkan Ibukota RI dari Jakarta sesuai UU IKN maupun DKJ. https://t.co/r0nNaKP4GE",Sat Jun 29 05:41:36 +0000 2024,71,263
222,"[{'display_url': 'bharian.com.my/berita/nasionaâ€¦', 'expanded_url': 'https://www.bharian.com.my/berita/nasional/2024/09/1301390/kkdw-rancang-bangunkan-eko-pelancongan-sempadan-di-sabah-ahmad-zahid', 'url': 'https://t.co/NpUX0GmiXm', 'indices': [216, 239]}]",63070483,bharianmy,Berita Harian,1837656262496194603,"KKDW rancang bangunkan eko pelancongan sempadan di Sabah - Ahmad Zahid

#BHnasional Sejajar potensi besar yang bakal dinikmati kawasan sempadan Sabah berikutan pemindahan ibu kota Indonesia ke Nusantara, Kalimantan

https://t.co/Xw4fy9QZLh",Sun Sep 22 00:52:49 +0000 2024,0,0
223,"[{'display_url': 'news.detik.com/berita/d-72482â€¦', 'expanded_url': 'https://news.detik.com/berita/d-7248235/muncul-usulan-baru-jakarta-jadi-ibu-kota-legislatif-pemerintah-menolak', 'url': 'https://t.co/ehG5T27A1j', 'indices': [256, 279]}]",963751550,KangSemproel,#HKAA ğŸ‘‰ğŸ‘‰ Hilik Ku Aink AtuhâœŒ,1769840317271065007,"Kelakuan para wakil Rakyat.
Ramai2 bikin UU ibukota baru, mindahin ibukota ke tempat lain. Pas giliran diharuskan pindah ke ibukota bikinan mereka, kagak mau.. maunya tetep di Jakarta. Kota yg serba ada terlengkap di negri ini.
Kurang 84n9547 gimana lagi  https://t.co/ehG5T27A1j",Mon Mar 18 21:36:28 +0000 2024,177,280
224,"[{'display_url': 'ift.tt/X7pNlM4', 'expanded_url': 'https://ift.tt/X7pNlM4', 'url': 'https://t.co/e15cADLfr6', 'indices': [83, 106]}]",1578222594,MediaVoi,VOI Media,1836580028932292944,Menteri Basuki soal Keppres Pemindahan Ibu Kota Belum Diteken Jokowi: Tanya Beliau https://t.co/e15cADLfr6,Thu Sep 19 01:36:15 +0000 2024,0,0
225,"[{'display_url': 'harian7.com/2024/09/jokowiâ€¦', 'expanded_url': 'https://www.harian7.com/2024/09/jokowi-tegaskan-pemindahan-ibu-kota-ke.html?m=1', 'url': 'https://t.co/63wFaCdQZg', 'indices': [86, 109]}]",848754655483932672,harian7_com,HARIAN7.COM,1838991880547090687,Jokowi Tegaskan Pemindahan Ibu Kota ke Nusantara Sesuai Ketentuan dan Dukungan Rakyat https://t.co/63wFaCdQZg,Wed Sep 25 17:20:05 +0000 2024,0,0
226,"[{'display_url': 'inews.id/news/nasional/â€¦', 'expanded_url': 'https://www.inews.id/news/nasional/istana-tegaskan-jakarta-masih-ibu-kota-sampai-keppres-ikn-diterbitkan', 'url': 'https://t.co/lupuo12lq2', 'indices': [87, 110]}]",132078023,officialinews_,iNews,1765587463958093997,"@SoeTjenMarching Istana Tegaskan Jakarta Masih Ibu Kota sampai Keppres IKN Diterbitkan
https://t.co/lupuo12lq2",Thu Mar 07 03:57:09 +0000 2024,16,197
227,"[{'display_url': 'nawacita.co/index.php/2024â€¦', 'expanded_url': 'https://nawacita.co/index.php/2024/09/18/presiden-jokowi-tegaskan-pentingnya-kesiapan-total-untuk-pemindahan-ibu-kota-negara/', 'url': 'https://t.co/vuNdo4DpTA', 'indices': [84, 107]}]",3158354773,nawacitamedia,Nawacita.co,1836316789879582830,Presiden Jokowi Tegaskan Pentingnya Kesiapan Total untuk Pemindahan Ibu Kota Negara https://t.co/vuNdo4DpTA via @nawacit4,Wed Sep 18 08:10:14 +0000 2024,0,0
228,[],1138922264,satriaherta,Satria,1801592088632693130,"@alexjrmndr @anggaandinata Kota yang udah siap aja sih jadi ibukota, toh kota lain di sekitarnya pasti terdampak kayak bodetabek. Nanti kalo udah kaya boleh deh tuh bangun IKN, ini bukan qatar/uea yang banyak duit, pindah ibukota sih oke oke aja tapi bangun kota baru saat ini sih keputusan sembrono",Fri Jun 14 12:26:40 +0000 2024,8,236
229,"[{'display_url': 'kaltim.tribunnews.com/2024/09/21/istâ€¦', 'expanded_url': 'https://kaltim.tribunnews.com/2024/09/21/istana-negara-ikn-di-kaltim-diresmikan-oktober-2024-kapan-pemindahan-ibu-kota-diteken', 'url': 'https://t.co/7lfcGkxRUE', 'indices': [98, 121]}]",103551225,tribunkaltim,Tribun Kaltim,1837386214435082300,"Istana Negara IKN di Kaltim Diresmikan Oktober 2024, Kapan Keppres Pemindahan Ibu Kota Diteken?
 
https://t.co/7lfcGkxRUE lewat @tribunnews #ikn #kaltim",Sat Sep 21 06:59:45 +0000 2024,0,0
230,[],2426751872,KhinjarHitam,Ø§Ù„Ù„Ù‡ Ù…Ø¹Ù†Ø§,1839996871424782511,"Intinya di kasus ini UU kalah sama Keppres ğŸ¤£ğŸ¤£.

Sebelum Keppres pemindahan Ibu Kota Negara ditandatangani Presiden, UU tidak bisa dijalankan ğŸ¤£ğŸ¤£ğŸ¤£

Negara Ruwetnesia!! Sistem Presidential Mutlak.  Parlemen hanya pemanis. 

@ReflyHZ @mohmahfudmd @LaNyallaAcademy",Sat Sep 28 11:53:34 +0000 2024,0,0
231,[],113039803,danu_W7,wijayadanu0101,1810711956896252119,"@geloraco Ingat Pa Harto dulu wacana Ibu kota Jakarta yang akan pindah ke Jonggol - Bogor.
 Ibu kota RI pakemnya harus ada di Pulau Jawa kira2 begitu. ğŸ™‚",Tue Jul 09 16:25:46 +0000 2024,0,306
