user_id,username,user_display_name,tweet_id,full_text,created_at
173424336,nemencinta,NoehNemen,1836388975034224976,"@keps_ky @rob_iqb @iwanfals Lah kan aku bilang, misal, kereta cepat ga usah dibuat, alokasikan buat daerah lain luar Jawa sana. Kan ga harus Ibu Kota pindah juga klo mau ga Jawasentris.",Wed Sep 18 12:57:04 +0000 2024
1685977163298996224,agam_estu,Agam Estu Pradana,1840205350026555840,@IKNnusantaraID Ekonomi masyarakat sekitar ibukota baru akan terangkat,Sun Sep 29 01:41:59 +0000 2024
1720626930527895552,harryfathoe111,DR. Harry F. Petta Lewa,1812060844366430501,"@kompascom Apalagi pindahkan ibukota ya pak @prabowo ? Bukan hal yang urgent. Mhn prioritas pada 5P: Pangan, Papan (perumahan), Pendidikan, Pertahanan, Pekerjaan. Adapun Pemindahan (ibukota),",Sat Jul 13 09:45:46 +0000 2024
1742341989927153664,pasaribunoah,uname; noah pasaribu,1840632061348167974,"Pemerintah berkomitmen untuk mendorong ekosistem transportasi ramah lingkungan di Ibu Kota Nusantara (IKN), Kalimantan Timur. Dengan menggunakan energi hijau, seluruh kendaraan di IKN akan beralih ke jenis kendaraan listrik. Hal ini bertujuan untuk mewujudkan IKN sebagai smart ci https://t.co/WZAIc2WVYy",Mon Sep 30 05:57:35 +0000 2024
1588942165526212608,fien01346271,@fien,1840892462497481092,@mas_veel Lha iya Wong IKN juga akhirnya karena Rakyat yang minta.. Demi Rakyat,Mon Sep 30 23:12:19 +0000 2024
3270041322,sandiereec,sandie,1839198972478632283,@CuitPositif Pemindahan Ibu Kota Negara jadi bukti keberanian Jokowi dalam melakukan perubahan besar untuk Indonesia. Jokowi Berhasil Publik Puas!,Thu Sep 26 07:03:00 +0000 2024
23343960,kompascom,Kompas.com,1839691432300519497,"Wakil Ketua MPR RI yang juga Wakil Ketua Majelis Syuro PKS Hidayat Nur Wahid menilai pernyataan Presiden Jokowi soal pemindahan ibu kota negara adalah keputusan seluruh rakyat tidak tepat. 

&lt; #Jokowi #IKN #PKS

https://t.co/06ypTrSzab",Fri Sep 27 15:39:51 +0000 2024
1058743287924744192,DalipiMan,LEX'SU,1840009724294770718,@BANGSAygSUJUD @margonohadi91 @prabowo @jokowi @Aisha5011995259 @are_inismyname @Ber_uang08 @FDonghun @genx36545403 @gtobing2903 @florieliciouss @Ndons_Back @XiaoMei_99 @gustavssondhela Jujungan loe pola pikirnya parah...bangun dulu ibukota sampe jadi baru jakarta dipindah..skg bingung ibukotanya dmana,Sat Sep 28 12:44:38 +0000 2024
1604246670027300864,EMusiran,EdMus,1840852804480745877,"@Andria75777 IKN blm selesai, status Jkt sebagai ibukota sdh dicabut, benar2 biadab!",Mon Sep 30 20:34:44 +0000 2024
1436958471241437189,Pay_Moto,PayMoto,1833674059147857968,"@WidasSatyo Kami Pindah ke kota asal Ibu, terus digosipin bawa kabur uang pesangon Alm Bapak. 

Rumah kami ditunggu sama Adik bungsu Bapak, tp sama Nenek disewain, tiap bulan anak kandungnya dimintain duit. Bibi sampe tlp aku krn mikir aku yg narik uang sewa, pdhl mah kagak-",Wed Sep 11 01:08:58 +0000 2024
1167800336804790272,_chaubacca,_chaunnamon,1829181091598742007,"pengen pindah ke tempat yang jauh entah itu luar kota atau luar negeri, buat ninggalin orang-orang yang udah nyakitin gue sama ibu gue. fuck u allüñï",Thu Aug 29 15:35:31 +0000 2024
248143149,08_points,Ready Set Doodle,1837417100065100143,"Lucu banget, situ yang setuju ibu kota dipindah, eh, malah situ juga yang ogah-ogahan pindah ke sana. ü§£ *ketawa sambil berguling-guling*",Sat Sep 21 09:02:28 +0000 2024
1094238497873883137,arikprJFS,arikpr,1830248375499010302,"Beban Keuangan: Pemindahan ibu kota merupakan proyek besar yang membutuhkan dana yang sangat besar. Ketika kondisi ekonomi sedang sulit, proyek ini dapat membebani anggaran negara &amp; mengalihkan anggaran dari sektor-sektor lain yg lebih mendesak, seperti pendidikan &amp; kesehatan. https://t.co/CJ9kLjBlXu",Sun Sep 01 14:16:31 +0000 2024
1762393108078305280,Jumadi25173458,Jumadi25,1837451342811730018,"@Kanseulir Lah emang ibukota mau pindah..??

Yg mau pindah cuma satu org aja.. itu orgnya sampai ngantor disana yg lain mah ogah..üòÇü§£",Sat Sep 21 11:18:32 +0000 2024
1413438936425242624,GrizelleJovank4,J-Grizelle,1832948477237882948,"IKN Akan dil Lanjutkan di Masa Pemerintahan Presiden Prabowo Subianto.
-
#Indonesia #IndonesiaMaju #IKN #IbuKotaNusantara #Kalimantan #KalimantanTimur #PapuaBarat #PapuaBaratDaya https://t.co/GdWEcNRwhc",Mon Sep 09 01:05:46 +0000 2024
1473292124,at_FREDERICH,Frederich Andry T.,1816778867782324602,"@kompascom Kemungkinan, Joko W mau #menggertak (mengancam) Prabowo S agar tidak macam-macam &amp; mengikuti keinginan Joko W... Apalagi hal pemindahan Ibukota RI ke Kalimantan &amp; perlakuan terhadap Gibran R. ü•µ",Fri Jul 26 10:13:30 +0000 2024
226140504,Poldakaltim,Polda Kaltim,1836284021480800717,"Musrenbang Desa Padang Jaya Bahas RKPDes 2025, Fokus pada Pembangunan Berkelanjutan
.
.
.
#polri #divhumas #poldakaltim #Kaltim #IKN #Ibukotanusantara #Mahakam https://t.co/FkTXaHlAU9",Wed Sep 18 06:00:01 +0000 2024
1832388704578707456,ardi_fajri200,Ardi Fajri,1834853427090014503,"@abangbelneg Pindah ibu kota, membawa kita ke era baru yang lebih eco-chic",Sat Sep 14 07:15:21 +0000 2024
118646322,Bisniscom,Bisnis.com,1826880590031061085,"Raja Jawa Ini 'Sewakan' Wilayah ke VOC, Pindah Ibu Kota, Hingga Negara Bubar https://t.co/MtBpkDhI7v",Fri Aug 23 07:14:09 +0000 2024
1552394301878849538,tambuner,Tambuner,1839772781229289571,@realfedinuril Bung Karno ingin pindah ibukota atau engga udah ga relevan. Pindah ibukota itu keharusan. Faktanya beban Jakarta sudah terlalu berat.,Fri Sep 27 21:03:07 +0000 2024
1595295591680335873,BonexMohe,Bonex Arema,1840739216671862907,"@jokowi Pak moelyo-no tdk betah di IKN ? Kemarin statemen nya mau tinggal di IKN selama 40 hari,isuk delai sore tempe",Mon Sep 30 13:03:23 +0000 2024
960248512108576768,ebonXboy,ebonX Ô£ø,1840624820184351099,"@BebySoSweet pemerintah terlalu gegabah, grasa grusu, tidak pruden, telah mengesahkan Undang-Undang Nomor 2 Tahun 2024 tentang Daerah Khusus Jakarta

sementara IKN Nusantara belum berfungsi

Indonesia kehilangan status ibukota Negara ('the nation‚Äôs capitalless‚Äô)
https://t.co/itE9Z3UbM8",Mon Sep 30 05:28:48 +0000 2024
2469304610,Katzzz_,Katz üáÆüá©üáµüá∏,1840370457327051214,"Giliran gatot katanya rakyat yg minta, rakyat minta ga macet, ga mahal pajak, bpjs ga ribet dan berkualitas pelayanannya, akses jalan bagus, akses listrik rata, akses pendidikan mudah, akses internet mudah, GA minta ibu kota baru!!!!!!!!!!!",Sun Sep 29 12:38:04 +0000 2024
820916849650995200,Bayouiraone1,sales panci,1840050889408819317,"@Fahrihamzah Daerah khusus nya udh disah kan,,knp ibu kotanya ga sklian disahkan? Artinya pemindahan ibukota ini dipaksakan n sy pribadi curiga ada tekanan dr phak luar om..pasal 63 klo daerah khusus ya khusus aj donk knp ga dialihkan smntara ke daerah istimewa? Artinya Mulyono cuci tgn donk",Sat Sep 28 15:28:13 +0000 2024
2898061285,blakrakterus,traveller baper,1840772026442936444,"@realfedinuril @jokowi opini pribadi gue sbg warga sipil, yaaa IKN cuma preyek ambisius jokowi aja buat nyari validasi",Mon Sep 30 15:13:45 +0000 2024
1718636607216185344,SatyaPutra53806,Satya Putra Perkasa,1828358739239583817,@tempodotco Bukan jaminan pindah Ibu kota pembangunan akan merata,Tue Aug 27 09:07:47 +0000 2024
1632999922587893762,EBCmedia_,EBC Media,1836631458691375108,"Keputusan Presiden (Keppres) pemindahan ibu kota ke¬†Ibu Kota Nusantara¬†(IKN) belum ditandatangani hingga kini. Apa alasannya?
https://t.co/Q0aLG167kA",Thu Sep 19 05:00:37 +0000 2024
1040306964100669440,NenkMonica,Monica,1836653053631406397,"Kartu Truf utk Menyandera ?
Jokowi belum tandatangani KEPPRES pemindahan ibukota ke IKN.
Sering¬≤lah Puja puji Paduka ! https://t.co/AQSKJcGyUI",Thu Sep 19 06:26:26 +0000 2024
1033320773069430785,jinjoon11,üçí‚ú® | ia,1840723922091970651,wkwkwkwk akhirnya nemu orang yg make uu ini bahas ikn anjaaay,Mon Sep 30 12:02:36 +0000 2024
1772689406291484672,pikpikepik,Pikachrut,1839211910354579535,"@asumsico Boy, jgn ngomong doang. Buktiin rakyat mana yang memutuskan ibukota pindah??!!",Thu Sep 26 07:54:24 +0000 2024
1127978977463685120,mbambatangguh,squidy,1839919371298451544,"gw ke org Delivery 
""Projek IKN yg kemarin, udh jadi dikirim pak?""
""Udh kmrn kamis""
""Lah ngapain dikirim? Kan ibu kota ga jd pindah ke sana""
""Ya biarin, plg juga mangkrak""

hahahahha",Sat Sep 28 06:45:36 +0000 2024
1048255439979261952,fatioy,Fatio Yudha,1840550414036697291,"@mazzini_gsp tapi jakarta mau tenggelam bang, mau ada wacana atau gak ada dari jaman soekarno yg jelas ibu kota harus pindah dan udah setengah jalan",Mon Sep 30 00:33:09 +0000 2024
1788946323678638080,Jempol_pramuka,Jempol Pramuka,1839439690619072744,@MardaniAliSera @PKSejahtera Kemarin menentang pemindahan ibukota....hari ini adlh pengagum ikn....tercerahkan ato plin-plan...??,Thu Sep 26 22:59:32 +0000 2024
753631757279166465,AdityaWnrzki,BATI,1827537784552485292,"@ferrykoto @aniesbaswedan @PDI_Perjuangan Sebentar lagi? Mau taruhan sama saya mas berapa lama lagi ibu kota pindah? Pin aja nih comment saya menurut sumber busa 10-20 tahun ke depan. Di kira pindah administrasi ibu kota ga lama, seenaknya buat narasi kaya orang ga berotak wk!",Sun Aug 25 02:45:36 +0000 2024
1168102826624483329,ENS53311139,ENS,1839956205751419216,"@mastbagust @Hilmi28 Model pindah ibukota knp tdk dibarengi TAP MPR, mn Hak &amp;  kewajiban mandataris &amp; mn hak kewajiban @mprgoid @DPR_RI 

program"" Nasional wajib final nya penatanganan ada di DPR, kemen, BUMN, POLRI TNI &amp; badan lainnya dgn pembiayaan besar skala nasional wajib di TDO olh DPR",Sat Sep 28 09:11:58 +0000 2024
1359362950767595521,chikafirli2,Chika Firli,1840635779099578677,"Pemerintah berkomitmen untuk mendorong ekosistem transportasi ramah lingkungan di Ibu Kota Nusantara (IKN), Kalimantan Timur.
#IbuKotaNegaraNusantara #IKN #IKNNusantara #IndonesiaEmas2045 #SmartCity #KotaModern #IndonesiaMaju #SmartDefenseSystem #KerjaNyataJokowi https://t.co/lLywl9SQ0f",Mon Sep 30 06:12:21 +0000 2024
1703652049400070144,suripto_darma5,Suripto Darma,1840665923956752739,@AgikMauripta Pemindahan ibu kota mencerminkan visi Indonesia sebagai negara yang berkeadilan,Mon Sep 30 08:12:08 +0000 2024
1701446620632756224,viktor_narpa53,Viktor Narpati,1829719488012710212,@garudadidada10 Pemindahan ibu kota mengarahkan pembangunan ke daerah yang lebih potensial,Sat Aug 31 03:14:55 +0000 2024
504192703,Doni_Nnn,donifatrika,1838912200607437200,"@zola_papazola2 @msaid_didu Maaf bang mau nanya, menurut ABG tahun berapa ibukota layak pindah dan siapa presidennya, menurut ABG presiden pada tersebut sanggupkah mengambil keputusan, dan menjelang ibukota pindah sampai tahun tersebut, boleh saya tahu kondisi jakarta, karena bangun ibukota butuh 40 tahun",Wed Sep 25 12:03:28 +0000 2024
1702745648205012992,JMarjuki99455,Juki Marjuki,1839304670931726360,@kompascom Sepertinya akan gagal total pemindahan ibu kota harinya dia mau cuci mulut https://t.co/UmSHFxDyHO,Thu Sep 26 14:03:00 +0000 2024
1823750905881296896,desabukitraya01,Bukitraya,1836543710575919352,"Simak selengkapnya dalam 'Salam Bukit Raya' di channel YouTube Pemerintah Desa Bukit Raya ya, Sob!

#BukitRaya 
#Sepaku 
#PenajamPaserUtara 
#KalimantanTimur 
#IbuKotaNusantara 
#PTSL",Wed Sep 18 23:11:56 +0000 2024
1456189923401224193,ZoyaKakak,KakakZoya,1836352418751090891,"Para Pendukung Ibukota Nusantara terhimpun dalam Forsa IKN melaksanakan secara Bersama acara tatap muka yang dihadiri oleh lebih dari 300 orang peserta yang datang dari berbagai kota-kota.

https://t.co/aGEBbvaN4y

Speed Tawangmangu READY BO Mossad Lebanon Labubu Garut Sedimen https://t.co/Iwm8nlzktq",Wed Sep 18 10:31:49 +0000 2024
919119071123095553,mtalamin_id,Amin Abu Humaira',1840751889509728256,"@aldapstsr ""pasti sudah dikaji dulu""

IKN noh tanpa amdal",Mon Sep 30 13:53:44 +0000 2024
1412750652782964743,astrophiboyz,faadli,1828785668077846984,@Putri__ajha kalian sadar ga sih keknya pemerintah bakal tau kalo jawa makin lama akan tenggelam atau mengecil seperti rumor tanggul dan gempe megatrust makanya ibu kota pindah IKN soalnya pulau indo ini kecil klo diliat dari benua/negara lain,Wed Aug 28 13:24:15 +0000 2024
1576913175227748352,dekade_08,DEKADE 08,1834538808286822756,"Menteri Koordinator Kemaritiman dan Investasi Luhut Binsar Pandjaitan menyampaikan bocoran terkait rencana pembangunan Ibu Kota Nusantara (IKN) di era pemerintahan Prabowo Subianto. 

#luhut #prabowo #jokowi #pembangunan #eraprabowo #hubungan #ibukotanusantara #ikn https://t.co/MiFAAmI1dO",Fri Sep 13 10:25:10 +0000 2024
1380913715738931204,FirdaPriyadi,A Few good men,1832216255824326983,@Tan_Mar3M Beliau baru sadar pindah ibu kota tidak semudah pindah rumah,Sat Sep 07 00:36:10 +0000 2024
1815638667161137152,ANCEB436423,üéóstand withüáÆüá±üáÆüá±,1829528555837091887,@_MbakSri_ Setelah ibu kota negara pindah kaliamantan timur habislah politik islam pulau jawa,Fri Aug 30 14:36:13 +0000 2024
1358053455621812224,Heindrahayyun1,L K I (LIGA KKN INDONESIA),1840210330045296923,"Gara2.mau pindah ibu kota bulan juni gk jadi.
Jadinya otak pindah kelutut.
Cebok kiri kanan
Pasang selimut setebal mungkin.
Seperti ferry kotok,
Yg berbicara slalu tidak dgn pakta tpi dgn kebencian.
Ujung2nya..ee kebo hihihi",Sun Sep 29 02:01:46 +0000 2024
1639211929125396481,WidiPranita8,Widi Pranita,1839680773055500513,"@ardisatriawan melihat jakarta sangat panas, banyak kendaraan, trotoar, KRL yang full aku rakyat yg menyepakati Ibukota pindah üòÅ",Fri Sep 27 14:57:30 +0000 2024
1721416970292338688,rembulanbiru_ku,Rembulan Biru,1840631847367463076,"Dengan menggunakan energi hijau, seluruh kendaraan di IKN akan beralih ke jenis kendaraan listrik.
#IbuKotaNegaraNusantara #IKN #IKNNusantara #IndonesiaEmas2045 #SmartCity #KotaModern #IndonesiaMaju #SmartDefenseSystem #KerjaNyataJokowi #JokowiMerakyat #JokowiBerdedikasi https://t.co/W8JuWjuISo",Mon Sep 30 05:56:44 +0000 2024
23343960,kompascom,Kompas.com,1840687530800521527,"Ingat, Dilarang Merokok Saat Berkunjung ke IKN

&lt; #IKN #IbuKotaNusantara #OIKN https://t.co/qHo9Kl2TJ4",Mon Sep 30 09:38:00 +0000 2024
1823648265335877632,tirta_anugrahc,"Cendekiawan, Tirta Anugrah",1837571716761244116,"@Hasbil_Lbs @budjaya wkwkwkkw padahal dikasih artikel nya pun, based on cases yg sama terkait dgn pemindahan ibukota. ga cuman asumsi belaka. susah emang kalau udah dapet ""kue"". jilat teros lahhh, gasss ~",Sat Sep 21 19:16:52 +0000 2024
1715358708363104257,dailynesiaco,Dailynesia.co,1840675728054210964,"Rencana Pertanian Modern di IKN, Kegagalan Food Estate Belum Cukup? https://t.co/1Otjn2qomG",Mon Sep 30 08:51:06 +0000 2024
1106480053,AsepIswara,Iswara Adirasa,1838963881059954723,@tempodotco Sebenarnya yg mau buru-2 ibukota pindah itu siapa sih...? Ko jadi kebalik-2.,Wed Sep 25 15:28:50 +0000 2024
1557182798888198144,nalar_logis,Logika Dimas,1818300385494540465,"@zy_zy_lestary Penulis Inggris John Heywood pernah menulis dalam karyanya 
‚ÄúRoma non fuit condita uno die‚Äù.
Roma tidak dibangun dalam satu hari

Ungkapan ini untuk mengingatkan bahwa hal-hal besar membutuhkan waktu dan usaha yang konsisten untuk tercapai

Tuntasnya proses pemindahan ibukota dan",Tue Jul 30 14:59:28 +0000 2024
276401465,Wisnuhid,Wisnu Em ajah..,1837671897016029214,@Zaoffar @Kanseulir Ya memqng harus pindah ibukota.... Mosok cm jawa aja dibangun? Indonesia cuma Jawa aja? Aya2 wae....,Sun Sep 22 01:54:57 +0000 2024
1709123175450288128,mas_veel,Mas Veel,1840884912741892119,"Akar rumput haters Jokowi dr gerombolan kalah pilpres, sdh tertanam doktrin IKN mangkrakü§≠
Aku sbg pendengar ocehan dia cukup senyam senyum sj. Krn aku slh satu voters 02, pendukung 02. Hrpn rakyat 02 semua program Jokowi yg blm tuntas selesai o) 02

https://t.co/Z99VXyYKjw",Mon Sep 30 22:42:19 +0000 2024
1798999878665973760,iknpos_id,IKNPOS.ID,1830946474969980987,"Perdana, Kemenag Buka Lowongan CPNS untuk Lulusan Ma‚Äôhad Aly: Ada Kuota Khusus Putra/Putri Kalimantan

https://t.co/O47sdXFbRV

#ikn 
#ibukotanusantara 
#iknnusantara 
#indonesiaemas2045 
#dukungpembangunanikn 
#iknmajukanindonesia 
#iknkotakelasdunia 
#investorikn https://t.co/LvUkWbwL7a",Tue Sep 03 12:30:31 +0000 2024
1507664927477366787,Bang_mamatCs,Bang_mamatCs,1840757788601135124,"@abu_waras Dimana ibukota negara indonesia? 
Yo Ndak Tahu Saya Kok Tanyakan Saya
Jakarta bukan, IKN belom di teken",Mon Sep 30 14:17:11 +0000 2024
1798999878665973760,iknpos_id,IKNPOS.ID,1836338909049139310,"Telan Anggaran Rp27,6 Triliun, Pembangunan IKN Tahap II Mencakup 34 Paket Pekerjaan

https://t.co/p6BtqpJ7RI

#ikn 
#ibukotanusantara 
#iknnusantara 
#indonesiaemas2045 
#dukungpembangunanikn 
#iknmajukanindonesia 
#iknkotakelasdunia 
#investorikn 
#ibukotanegara 
#indonesiamaju https://t.co/5piU7Adhc0",Wed Sep 18 09:38:08 +0000 2024
1050414395816173568,Ndoyy99,Namu Lover üå≥üíú,1827166223593042232,Wow teori pemindahan ibukota yang menarik,Sat Aug 24 02:09:09 +0000 2024
1809802368881688576,EksjIb21726,Eksj ƒêib,1840687579009782130,"@bokulos_ @tempodotco ""Kita semua tahu, ANGK0T88. IKN bukan untuk rakyat, tapi untuk kepentingan politik semata. #Preman #MUNTOT""",Mon Sep 30 09:38:11 +0000 2024
725137340386025473,GenThoww,Republik Suka Suka,1837815291679739928,"@UmarSyadatHsb__ Emang mulyono ini mulutnya mencla-mencle gak jelas banget.
Dia yg paling ngoto bikin ikn, eh dia pula yg ngomong pindah ibukota gak gampang.",Sun Sep 22 11:24:45 +0000 2024
919486745413951490,THVTHEACE,ìàí ìáº,1838853207176712271,@cloudrops disenggol gapura kabupaten bisa langsung pindah ke ibu kota lu,Wed Sep 25 08:09:03 +0000 2024
3165306314,KoeAry,ary_koe,1839108627581513790,@democrazymedia Rakyat tidak perna berbicara soal pemindahan ibukota.,Thu Sep 26 01:04:00 +0000 2024
1482568833072508928,Wtm070,Wahyu pun katakata,1840547570550231291,"@DedynurPalakka 2 periode mencetak banyak sejarah bener ini

Mecahin rekor utang negara
Sejarah baru dpr kompak sampai undang2 bisa dibuat hitungan hari aja
Sejarah baru ibukota pindah, Eh udah pindah blm ya??
Sejarah baru, matinya oposisi
Sejarah baru korrup 417t denda 5k

Akui aja SBY lbh  jos",Mon Sep 30 00:21:51 +0000 2024
1704371657690013696,Nicke9662734599,Hercule Poirot and Columbo is everywhere¬©,1826943093549252700,"@tempodotco Silahkan saja .. mungkin mau menjauh dari demo¬≤. Itu bukan berarti Ibu Kota Negara Republik Indonesia sudah pindah kesana.. masih tetap Jakarta.
Apasih maksud singkatan IKN? Ibu Kota Nusantara? Negara kita bernama Indonesia bukan Nusantara. 
cc: @alisyarief @PreciosaKanti",Fri Aug 23 11:22:31 +0000 2024
1060418982061080576,beritairn1,beritairn,1836624215895871768,"Penandatanganan Keppres Pemindahan Ibu Kota, Presiden: IKN Nusantara Harus Semuanya Sudah Siap https://t.co/XYs8qazhGQ via @BeritaIrn https://t.co/4rThnSOGmv",Thu Sep 19 04:31:50 +0000 2024
1015970168466432000,treeugxx,fullsunchan üåª,1840754452770455602,"temen gue ditanya keuntungan pembangunan ikn untuk rakyat apa, dia jawab 'jakarta kan mau tenggelam, jd ibu kotanya di pindahin lah' TRS GUE KEK HAH? sambil melengos ajah. eh dia lanjut ngomong 'lagian ikn udh direncanakan dr zaman soekarno' ü•≤üò≠",Mon Sep 30 14:03:55 +0000 2024
78260254,13_iwaN,Muhammad Kurniawan,1837392874008465541,"Alhamdulillah uang pajak saya turut berkontribusi 1 buah tiang lampu di taman IKN
Gimana? Sdh puas dgn rencana IKN dr pmrintah?
Agar lebih cepat realisasi IKN sampai final, semangat bayar pajak semua!!

#ikn #ibukotanusantara #kaltim #ppu https://t.co/pDmyxGDSPS",Sat Sep 21 07:26:12 +0000 2024
1561774141031649280,xpresswalang,yoyo,1840611724057280614,"@Leonita_Lestari UU Nomor 2 Tahun 2024 .... Jakarta MASIH menyandang status Ibu Kota Negara sampai adanya Keppres tentang pemindahan ibu kota negara ke Nusantara.

Setelah dipikir2 Presiden berikutnya, Keppres pembatalan .... mas. Esemka aja 10 tahun gak jelas, padahal cuma mobil roda 4",Mon Sep 30 04:36:46 +0000 2024
788744100,Riau24Com,Riau24.com,1838967090763772264,Klaim Jokowi: Rakyat yang Ingin Ibu Kota Pindah ke IKN https://t.co/MGIgCnSm4Y,Wed Sep 25 15:41:35 +0000 2024
1299994386466365440,RanBetterRan,Ran,1839730497397895483,Terserah ya mau ngomong apa.. tapi gua setuju2 aja dengan pemindahan ibu kota dengan salah 1 alasan mengurai kemacetan jkt. Apalagi proyek udah jalan gini.. tolol amat kalo gajadi. Rugi dong.,Fri Sep 27 18:15:05 +0000 2024
22333654,onmair_id,Masih Mau Kau Datang Besok,1840723294414319822,@tempodotco Sampah..got ikn aja nolak,Mon Sep 30 12:00:07 +0000 2024
959859070575394816,Ponorogo_Berkah,Share berita Ponorogo Jatim,1840729233309782152,Jokowi Frustasi soal IKN? Jakarta Masih Ibu Kota RI sampai Ada Keppres Pemindahan ke IKN   - https://t.co/6XQZ0kpibo,Mon Sep 30 12:23:42 +0000 2024
226140504,Poldakaltim,Polda Kaltim,1836643885893980540,"Bhabinkamtibmas Kelurahan Handil Bakti Bersama Pelajar SD 020 Lakukan Penghijauan Lingkungan
.
.
.
#polri #divhumas #poldakaltim #Kaltim #IKN #Ibukotanusantara #Mahakam https://t.co/aWQi95JqMv",Thu Sep 19 05:50:00 +0000 2024
1798999878665973760,iknpos_id,IKNPOS.ID,1838875323427160391,"Delonix Nusantara Groundbreaking di IKN, Investor Asing yang Berinvestasi Secara Langsung di Nusantara

https://t.co/CFQnB5MOL2

#ikn 
#ibukotanusantara 
#iknnusantara 
#indonesiaemas2045 
#dukungpembangunanikn 
#iknmajukanindonesia 
#iknkotakelasdunia 
#investorikn https://t.co/jr0fVbl7iN",Wed Sep 25 09:36:56 +0000 2024
3179542928,TVTempoChannel,TV Tempo,1839975842035970428,"INFO TEMPO-Perubahan Undang-Undang IKN diyakini akan memberikan manfaat serta penguatan untuk menghadirkan sebuah ibu kota negara yang baru, yang menjadi salah satu milestone langkah negeri ini untuk menjawab tantangan masa depan serta menggapai cita-cita dan visi Indonesia Emas https://t.co/y145TV4Wda",Sat Sep 28 10:30:00 +0000 2024
1685859481421598720,huwaida_mahad,Huwaida Mahad,1834821423266730107,"@abangbelneg Pemindahan ibu kota, bukti bahwa kita serius dalam mengelola sumber daya alam.",Sat Sep 14 05:08:11 +0000 2024
131903463,historia_id,Historia.ID,1839967671812825322,"Pengguna transportasi umum di Jakarta, pasti tidak asing lagi dengan Stasiun Jatinegara. Stasiun Jatinegara sudah menjadi cagar budaya sejak tahun 2005, memiliki banyak kisah penting dalam perjalanan sejarah Indonesia, salah satunya adalah sebagai saksi bisu pemindahan Ibu Kota https://t.co/KhCEYwiHtW",Sat Sep 28 09:57:32 +0000 2024
1606183761904664576,Kartika4567,Kartika,1839388371355111529,"@pakmul63 Mulyono tuh memang konyol banget, sok-sokan pindah ibukota, eh dia sendiri mau pensiun di Karanganyar, mencla-mencle.",Thu Sep 26 19:35:36 +0000 2024
1798999878665973760,iknpos_id,IKNPOS.ID,1829796601109627238,"PUPR: Progres Tahap I Pembangunan IKN Capai 92 Persen

https://t.co/cuJtdMW793

#ikn 
#ibukotanusantara 
#iknnusantara 
#indonesiaemas2045 
#dukungpembangunanikn 
#iknmajukanindonesia 
#iknkotakelasdunia 
#investorikn 
#ibukotanegara 
#indonesiamaju 
#pembangunanikn https://t.co/kQg7um9fC7",Sat Aug 31 08:21:20 +0000 2024
1542896949698760704,bombing_j,Bombing juliono,1838754558769824158,@IKNnusantaraID Kami warga Bengkulu mendukung pemindahan Ibu Kota negara,Wed Sep 25 01:37:03 +0000 2024
1600369057,MalaysiaGazette,Malaysia Gazette,1827528757877608938,"Pindah ibu kota ke lokasi bukan lembah, bebas banjir dan tanah jerlus ‚Äì Puad

#malaysiagazette 

https://t.co/XTGKVhDHQO",Sun Aug 25 02:09:44 +0000 2024
226140504,Poldakaltim,Polda Kaltim,1838040332426220022,"Pimpin Apel Pagi, Wakapolda Kaltim Ucapkan Terima Kasih Atas Dedikasi Personel Serta Ingatkan Netralitas Selama Pilkada
.
.
.
#polri #divhumas #poldakaltim #Kaltim #IKN #Ibukotanusantara #Mahakam https://t.co/ekALLrCbeO",Mon Sep 23 02:18:59 +0000 2024
1272953532535062529,_Rajawalinews,Rajawali News,1840900980180992313,"Presiden Jokowi telah memberikan kontribusi besar berbagai proyek infrastruktur di seluruh Indonesia. Proyek infrastruktur ini fokus pada jalan tol, pelabuhan, bandara, dan jaringan kereta api, serta pembangunan IKN.

***
#TerimakasihPakJokowi
1 Oktober Rafi Eliano Reijnders Mbak https://t.co/coRzZyUMsy",Mon Sep 30 23:46:10 +0000 2024
1815681938470195200,tia_mardi201,Tia Mardiana,1838429676358013062,"@meraaahputiiih Pindah ibu kota, bikin kita semakin siap untuk meraih prestasi dunia.",Tue Sep 24 04:06:05 +0000 2024
1798999878665973760,iknpos_id,IKNPOS.ID,1836794789850972398,"Kementerian ATR/BPN Klaim Selesaikan 13 Paket Pengadaan Tanah di Kawasan Inti IKN

https://t.co/CuvJf1wmu4

#ikn 
#ibukotanusantara 
#iknnusantara 
#indonesiaemas2045 
#dukungpembangunanikn 
#iknmajukanindonesia 
#iknkotakelasdunia 
#investorikn 
#ibukotanegara 
#indonesiamaju https://t.co/nMv1Ga7Vzu",Thu Sep 19 15:49:38 +0000 2024
1800766261582069760,irvan_eng,irvan,1840692315456929931,"@realfedinuril @jokowi Kalo dilihat sesuai konteks saat itu, kayanya pengukuhan Jakarta sebagai ibukota setelah sebelumnya pindah2 karena situasi keamanan. 

Beda konteks utk IKN ini. Tapi memang perencanaannya harus super duper matang. IKN ini terlalu buru2.",Mon Sep 30 09:57:01 +0000 2024
1798999878665973760,iknpos_id,IKNPOS.ID,1834229249919820082,"Di Istana Negara IKN Jokowi Tegaskan Ingin Pulang ke Solo

https://t.co/AaoE5Eiraj

#ikn 
#ibukotanusantara 
#iknnusantara 
#indonesiaemas2045 
#dukungpembangunanikn 
#iknmajukanindonesia 
#iknkotakelasdunia 
#investorikn 
#ibukotanegara 
#indonesiamaju 
#pembangunanikn https://t.co/13yMHBVXjj",Thu Sep 12 13:55:06 +0000 2024
1603940995795910656,Emu7715,emu77,1839590564008013845,@tempodotco @Android_AK_47 awalnya dia ingin membuktikan pada dunia..bhwa si plonga plongo ini hebat bisa mewujudkan ibukota baru..endingnya justru IKN ini justru melegitimasi keplonga plongo annya..,Fri Sep 27 08:59:03 +0000 2024
1145196049914454016,bintilbintil,Jalan Ninjaku,1840738822054924487,"@TirtoID Banyak UU kalo isinya ngawur ya ngapain.
UU Ciptaker, UU ITE, UU IKN, semuanya UU sampah yg ga guna buat rakyat.",Mon Sep 30 13:01:49 +0000 2024
1747886801908584448,SeenJob21883,Job Seen,1840645899137241324,@mas_veel Bang apa benar ikn itu proyek rakyat atau proyek jokowi?,Mon Sep 30 06:52:34 +0000 2024
1353871758458302464,hseungEdelweis,tiya,1826263195155349739,"@starfess yg dipakai apa? duit pajak. duit negara, ngutang, 
trs pindah ibu kota biar apa ya tau sendiri..",Wed Aug 21 14:20:50 +0000 2024
1125652501196181506,Nhagi77,Nagi_branÓ®Ä,1826269174550708273,"@nieluniverse @falfallin @Marchfoward Kalimantan Just 20 million people, kalau je ada demo tentang pemerintahan, akan sulit mengakses masyarakat untuk bersuara di depan istana, intinya banyak dari kami kecewa pemindahan Ibukota di pindahkan sepihak, lalu menjadikan IKN dari tanah kosong menjadi ibu kota tanpa rakyat.",Wed Aug 21 14:44:36 +0000 2024
1787533906486644736,parungkil,Parungkil Sorasuda,1839009392307601688,"Jokowi: Pindah Ibu Kota Bukan Keputusan Presiden Saja, tapi Seluruh Rakyat

Keluarga Mulyono, fufufafa dan clara ikut juga gak pak Jokowi  https://t.co/zh0HCO77xG",Wed Sep 25 18:29:40 +0000 2024
1616677014169321473,IiidratiD,Iiidrati Drati,1829136166949720351,Banyak yang Belum Tahu! Pemindahan Ibu Kota ke IKN Ternyata Bukan Keinginan Jokowi Melainkan Ide dari Sosok Legendaris Ini https://t.co/lCKQ9DmunY,Thu Aug 29 12:37:00 +0000 2024
1731476067893092352,kemuning32421,Kemuning Raya,1811214537053380975,@BosPurwa Mirip proyek kota baru di Lampung nih... Proyek pemindahan ibukota provinsi Lampung yg gagal dan akhirnya terbengkalai...,Thu Jul 11 01:42:51 +0000 2024
1815656599807315968,andi_syhptra3,Andi Syahputra,1831161947540295740,@meraaahputiiih Pemindahan ibu kota memberikan peluang besar untuk perkembangan nasional.,Wed Sep 04 02:46:44 +0000 2024
1815285255563321344,dini_wulan2001,Dini Wulandari,1840888832876822622,@IndonesiaJadi Penajam Paser Utara bakal jadi penyuplai pangan utama buat IKN Nusantara,Mon Sep 30 22:57:54 +0000 2024
